Size,Style,Qty,Buy
WMS,FATBABY,300,"01 Buy, 21"
WMS,FATBABY,300,"01 Buy, 21"
WMS,ROUND UP,400,"01 Buy, 21"
WMS,ROUND UP,300,"01 Buy, 21"
WMS,HERITAGE,128,"01 Buy, 21"
YTH,WORKHOG,720,"01 Buy, 21"
YTH,WORKHOG,1182,"01 Buy, 21"
WMS,HERITAGE,2052,"01 Buy, 21"
WMS,HERITAGE,228,"01 Buy, 21"
WMS,ROUND UP,2298,"01 Buy, 21"
WMS,ROUND UP,3054,"01 Buy, 21"
WMS,ROUND UP,240,"01 Buy, 21"
WMS,ROUND UP,228,"01 Buy, 21"
WMS,HERITAGE,510,"01 Buy, 21"
YTH,WORKHOG,504,"01 Buy, 21"
YTH,WORKHOG,504,"01 Buy, 21"
WMS,DARLIN,480,"01 Buy, 21"
WMS,DARLIN,24,"01 Buy, 21"
WMS,HERITAGE,102,"01 Buy, 21"
WMS,HERITAGE,690,"01 Buy, 21"
WMS,HERITAGE,552,"01 Buy, 21"
WMS,HERITAGE,108,"01 Buy, 21"
WMS,HERITAGE,2400,"01 Buy, 21"
WMS,HERITAGE,84,"01 Buy, 21"
WMS,HERITAGE,270,"01 Buy, 21"
WMS,HERITAGE,630,"01 Buy, 21"
WMS,FATBABY,42,"01 Buy, 21"
WMS,FATBABY,558,"01 Buy, 21"
WMS,FATBABY,504,"01 Buy, 21"
WMS,FATBABY,882,"01 Buy, 21"
WMS,FATBABY,1500,"01 Buy, 21"
WMS,FATBABY,390,"01 Buy, 21"
WMS,FATBABY,2610,"01 Buy, 21"
WMS,FATBABY,804,"01 Buy, 21"
WMS,FATBABY,504,"01 Buy, 21"
WMS,FATBABY,324,"01 Buy, 21"
WMS,FATBABY,8238,"01 Buy, 21"
WMS,FATBABY,750,"01 Buy, 21"
WMS,FATBABY,54,"01 Buy, 21"
WMS,FATBABY,504,"01 Buy, 21"
WMS,FATBABY,486,"01 Buy, 21"
WMS,ROUND UP,78,"01 Buy, 21"
WMS,ROUND UP,1494,"01 Buy, 21"
WMS,ROUND UP,366,"01 Buy, 21"
WMS,ROUND UP,162,"01 Buy, 21"
WMS,ROUND UP,1458,"01 Buy, 21"
WMS,ROUND UP,42,"01 Buy, 21"
YTH,HERITAGE,594,"01 Buy, 21"
YTH,FATBABY,1236,"01 Buy, 21"
YTH,WORKHOG,1800,"01 Buy, 21"
YTH,HERITAGE,500,"01 Buy, 21"
WMS,DARLIN,496,"01 Buy, 21"
WMS,FATBABY,150,"01 Buy, 21"
WMS,ROUND UP,100,"02 buy, 21"
WMS,ROUND UP,150,"03 buy, 21"
WMS,FATBABY,252,"03 buy, 21"
WMS,FATBABY,4752,"03 buy, 21"
YTH,HERITAGE,500,"03 buy, 21"
WMS,FATBABY,100,"04 Buy, 21"
WMS,ROUND UP,89,"04 Buy, 21"
WMS,HERITAGE,684,"04 Buy, 21"
WMS,HERITAGE,66,"04 Buy, 21"
WMS,HERITAGE,100,"04 Buy, 21"
WMS,HERITAGE,170,"04 Buy, 21"
WMS,HERITAGE,100,"05 Buy, 21"
WMS,FATBABY,200,"02 Buy, 21"
WMS,ROUND UP,400,"02 Buy, 21"
WMS,ROUND UP,100,"02 Buy, 21"
YTH,WORKHOG,200,"02 Buy, 21"
YTH,HERITAGE,504,"02 Buy, 21"
YTH,FATBABY,504,"02 Buy, 21"
YTH,WORKHOG,5166,"02 Buy, 21"
YTH,WORKHOG,504,"02 Buy, 21"
YTH,WORKHOG,1620,"02 Buy, 21"
YTH,WORKHOG,3000,"02 Buy, 21"
WMS,DARLIN,504,"02 buy, 21"
WMS,HERITAGE,900,"02 Buy, 21"
WMS,HERITAGE,84,"02 Buy, 21"
WMS,HERITAGE,1200,"02 Buy, 21"
WMS,HERITAGE,1002,"02 Buy, 21"
WMS,HERITAGE,216,"02 Buy, 21"
WMS,HERITAGE,84,"02 Buy, 21"
WMS,HERITAGE,834,"02 Buy, 21"
WMS,HERITAGE,66,"02 Buy, 21"
WMS,FATBABY,24,"02 Buy, 21"
WMS,FATBABY,576,"02 Buy, 21"
WMS,FATBABY,60,"02 Buy, 21"
WMS,FATBABY,540,"02 Buy, 21"
WMS,FATBABY,4500,"02 Buy, 21"
WMS,FATBABY,4800,"02 Buy, 21"
WMS,FATBABY,3996,"02 Buy, 21"
WMS,FATBABY,1704,"02 Buy, 21"
WMS,FATBABY,2400,"02 Buy, 21"
WMS,FATBABY,78,"02 Buy, 21"
WMS,FATBABY,2922,"02 Buy, 21"
WMS,FATBABY,1200,"02 Buy, 21"
WMS,FATBABY,402,"02 Buy, 21"
WMS,FATBABY,102,"02 Buy, 21"
WMS,FATBABY,504,"02 Buy, 21"
WMS,FATBABY,432,"02 Buy, 21"
WMS,FATBABY,168,"02 Buy, 21"
WMS,ROUND UP,2010,"02 Buy, 21"
WMS,ROUND UP,2100,"02 Buy, 21"
WMS,ROUND UP,1002,"02 Buy, 21"
WMS,ROUND UP,1386,"02 Buy, 21"
YTH,HERITAGE,504,"03 Buy, 21"
YTH,FATBABY,570,"03 Buy, 21"
YTH,WORKHOG,600,"03 Buy, 21"
YTH,WORKHOG,1002,"03 Buy, 21"
WMS,DARLIN,462,"03 buy, 21"
WMS,DARLIN,42,"03 buy, 21"
WMS,DARLIN,504,"03 buy, 21"
WMS,DARLIN,504,"03 buy, 21"
WMS,HERITAGE,468,"03 Buy, 21"
WMS,HERITAGE,36,"03 Buy, 21"
WMS,HERITAGE,504,"03 Buy, 21"
WMS,HERITAGE,1668,"03 Buy, 21"
WMS,HERITAGE,132,"03 Buy, 21"
WMS,HERITAGE,504,"03 Buy, 21"
WMS,HERITAGE,192,"03 Buy, 21"
WMS,HERITAGE,1254,"03 Buy, 21"
WMS,HERITAGE,546,"03 Buy, 21"
WMS,HERITAGE,504,"03 Buy, 21"
WMS,FATBABY,600,"03 Buy, 21"
WMS,FATBABY,4500,"03 Buy, 21"
WMS,FATBABY,504,"03 Buy, 21"
WMS,FATBABY,2202,"03 Buy, 21"
WMS,FATBABY,3954,"03 Buy, 21"
WMS,FATBABY,804,"03 Buy, 21"
WMS,FATBABY,1404,"03 Buy, 21"
WMS,FATBABY,198,"03 Buy, 21"
WMS,FATBABY,504,"03 Buy, 21"
WMS,FATBABY,468,"03 Buy, 21"
WMS,FATBABY,36,"03 Buy, 21"
WMS,ROUND UP,1800,"03 Buy, 21"
WMS,ROUND UP,1500,"03 Buy, 21"
WMS,ROUND UP,864,"03 Buy, 21"
WMS,ROUND UP,240,"03 Buy, 21"
WMS,ROUND UP,804,"03 Buy, 21"
YTH,WORKHOG,504,"03 Buy, 21"
YTH,WORKHOG,780,"03 Buy, 21"
WMS,ROUND UP,90,"03 Buy, 21"
WMS,HERITAGE,182,"03 Buy, 21"
WMS,FATBABY,370,"03 Buy, 21"
WMS,FATBABY,138,"03 Buy, 21"
WMS,HERITAGE,108,"03 Buy, 21"
YTH,FATBABY,2280,"04 Buy, 21"
WMS,FATBABY,504,"04 Buy, 21"
WMS,FATBABY,804,"04 Buy, 21"
YTH,WORKHOG,702,"04 Buy, 21"
YTH,WORKHOG,1002,"04 Buy, 21"
YTH,WORKHOG,1800,"04 Buy, 21"
YTH,FATBABY,600,"04 Buy, 21"
YTH,WORKHOG,900,"04 Buy, 21"
WMS,DARLIN,504,"04 Buy, 21"
WMS,DARLIN,900,"04 Buy, 21"
WMS,DARLIN,504,"04 Buy, 21"
WMS,DARLIN,504,"04 Buy, 21"
WMS,HERITAGE,132,"04 Buy, 21"
WMS,HERITAGE,966,"04 Buy, 21"
WMS,HERITAGE,78,"04 Buy, 21"
WMS,HERITAGE,156,"04 Buy, 21"
WMS,HERITAGE,654,"04 Buy, 21"
WMS,HERITAGE,114,"04 Buy, 21"
WMS,HERITAGE,498,"04 Buy, 21"
WMS,FATBABY,1194,"04 Buy, 21"
WMS,FATBABY,78,"04 Buy, 21"
WMS,FATBABY,426,"04 Buy, 21"
WMS,FATBABY,3804,"04 Buy, 21"
WMS,FATBABY,1002,"04 Buy, 21"
WMS,FATBABY,48,"04 Buy, 21"
WMS,FATBABY,7956,"04 Buy, 21"
WMS,FATBABY,852,"04 Buy, 21"
WMS,FATBABY,48,"04 Buy, 21"
WMS,FATBABY,594,"04 Buy, 21"
WMS,ROUND UP,504,"04 Buy, 21"
WMS,ROUND UP,504,"04 Buy, 21"
WMS,ROUND UP,1404,"04 Buy, 21"
WMS,ROUND UP,1860,"04 Buy, 21"
WMS,ROUND UP,132,"04 Buy, 21"
WMS,ROUND UP,600,"04 Buy, 21"
WMS,ROUND UP,200,"04 Buy, 21"
WMS,HERITAGE,182,"04 Buy, 21"
YTH,FATBABY,260,"04 Buy, 21"
WMS,DARLIN,300,"04 Buy, 21"
WMS,DARLIN,200,"04 Buy, 21"
WMS,FATBABY,400,"04 Buy, 21"
WMS,HERITAGE,750,"04 Buy, 21"
WMS,ROUND UP,600,"04 Buy, 21"
YTH,WORKHOG,504,"05 Buy, 21"
YTH,WORKHOG,1002,"05 Buy, 21"
YTH,WORKHOG,2700,"05 Buy, 21"
YTH,HERITAGE,702,"05 Buy, 21"
YTH,FATBABY,804,"05 Buy, 21"
YTH,WORKHOG,600,"05 Buy, 21"
YTH,WORKHOG,750,"05 Buy, 21"
WMS,DARLIN,450,"05 Buy, 21"
WMS,DARLIN,54,"05 Buy, 21"
WMS,DARLIN,600,"05 Buy, 21"
WMS,DARLIN,504,"05 Buy, 21"
WMS,DARLIN,1104,"05 Buy, 21"
WMS,HERITAGE,48,"05 Buy, 21"
WMS,HERITAGE,36,"05 Buy, 21"
WMS,HERITAGE,198,"05 Buy, 21"
WMS,HERITAGE,1320,"05 Buy, 21"
WMS,HERITAGE,738,"05 Buy, 21"
WMS,HERITAGE,354,"05 Buy, 21"
WMS,HERITAGE,4020,"05 Buy, 21"
WMS,HERITAGE,288,"05 Buy, 21"
WMS,FATBABY,66,"05 Buy, 21"
WMS,FATBABY,1134,"05 Buy, 21"
WMS,FATBABY,2400,"05 Buy, 21"
WMS,FATBABY,60,"05 Buy, 21"
WMS,FATBABY,444,"05 Buy, 21"
WMS,FATBABY,600,"05 Buy, 21"
WMS,FATBABY,1500,"05 Buy, 21"
WMS,FATBABY,504,"05 Buy, 21"
WMS,FATBABY,210,"05 Buy, 21"
WMS,FATBABY,10290,"05 Buy, 21"
WMS,FATBABY,804,"05 Buy, 21"
WMS,FATBABY,942,"05 Buy, 21"
WMS,FATBABY,60,"05 Buy, 21"
WMS,FATBABY,804,"05 Buy, 21"
WMS,FATBABY,1356,"05 Buy, 21"
WMS,FATBABY,144,"05 Buy, 21"
WMS,ROUND UP,3432,"05 Buy, 21"
WMS,ROUND UP,168,"05 Buy, 21"
YTH,HERITAGE,500,"05 Buy, 21"
WMS,FATBABY,100,"05 Buy, 21"
WMS,FATBABY,100,"05 Buy, 21"
WMS,HERITAGE,469,"05 Buy, 21"
WMS,HERITAGE,31,"05 Buy, 21"
WMS,HERITAGE,1494,"06 Buy, 21"
WMS,HERITAGE,2508,"06 Buy, 21"
WMS,HERITAGE,1122,"06 Buy, 21"
WMS,HERITAGE,1854,"06 Buy, 21"
YTH,WORKHOG,720,"06 Buy, 21"
WMS,HERITAGE,3108,"06 Buy, 21"
WMS,HERITAGE,3894,"06 Buy, 21"
WMS,FATBABY,804,"06 Buy, 21"
WMS,FATBABY,2802,"06 Buy, 21"
WMS,FATBABY,1002,"06 Buy, 21"
YTH,WORKHOG,900,"06 Buy, 21"
YTH,WORKHOG,3600,"06 Buy, 21"
YTH,HERITAGE,1002,"06 Buy, 21"
YTH,WORKHOG,1002,"06 Buy, 21"
YTH,WORKHOG,1002,"06 Buy, 21"
WMS,FATBABY,350,"06 Buy, 21"
YTH,HERITAGE,500,"06 Buy, 21"
WMS,FATBABY,100,"06 Buy, 21"
YTH,HERITAGE,500,"06 Buy, 21"
WMS,DARLIN,113,"06 Buy, 21"
WMS,DARLIN,487,"06 Buy, 21"
WMS,ROUND UP,31,"06 Buy, 21"
WMS,ROUND UP,269,"06 Buy, 21"
WMS,HERITAGE,488,"06 Buy, 21"
WMS,DARLIN,1002,"06 Buy, 21"
WMS,DARLIN,804,"06 Buy, 21"
WMS,DARLIN,804,"06 Buy, 21"
WMS,HERITAGE,30,"06 Buy, 21"
WMS,HERITAGE,24,"06 Buy, 21"
WMS,HERITAGE,120,"06 Buy, 21"
WMS,HERITAGE,726,"06 Buy, 21"
WMS,HERITAGE,870,"06 Buy, 21"
WMS,HERITAGE,258,"06 Buy, 21"
WMS,HERITAGE,3762,"06 Buy, 21"
WMS,HERITAGE,114,"06 Buy, 21"
WMS,HERITAGE,156,"06 Buy, 21"
WMS,HERITAGE,846,"06 Buy, 21"
WMS,FATBABY,42,"06 Buy, 21"
WMS,FATBABY,960,"06 Buy, 21"
WMS,FATBABY,96,"06 Buy, 21"
WMS,FATBABY,804,"06 Buy, 21"
WMS,FATBABY,3000,"06 Buy, 21"
WMS,FATBABY,1200,"06 Buy, 21"
WMS,FATBABY,3000,"06 Buy, 21"
WMS,FATBABY,804,"06 Buy, 21"
WMS,FATBABY,186,"06 Buy, 21"
WMS,FATBABY,5814,"06 Buy, 21"
WMS,FATBABY,876,"06 Buy, 21"
WMS,FATBABY,24,"06 Buy, 21"
WMS,FATBABY,1500,"06 Buy, 21"
WMS,FATBABY,1422,"06 Buy, 21"
WMS,FATBABY,180,"06 Buy, 21"
WMS,ROUND UP,1002,"06 Buy, 21"
WMS,ROUND UP,2550,"06 Buy, 21"
WMS,ROUND UP,450,"06 Buy, 21"
WMS,ROUND UP,954,"06 Buy, 21"
WMS,ROUND UP,48,"06 Buy, 21"
WMS,ROUND UP,504,"06 Buy, 21"
WMS,FATBABY,504,"06 Buy, 21"
WMS,FATBABY,600,"06 Buy, 21"
YTH,WORKHOG,720,"07 Buy, 21"
WMS,HERITAGE,804,"07 Buy, 21"
WMS,DARLIN,438,"07 Buy, 21"
WMS,DARLIN,66,"07 Buy, 21"
WMS,FATBABY,3402,"07 Buy, 21"
WMS,FATBABY,3600,"07 Buy, 21"
WMS,FATBABY,5004,"07 Buy, 21"
WMS,FATBABY,4302,"07 Buy, 21"
WMS,FATBABY,402,"07 Buy, 21"
WMS,FATBABY,6798,"07 Buy, 21"
WMS,ROUND UP,600,"07 Buy, 21"
WMS,ROUND UP,42,"07 Buy, 21"
WMS,ROUND UP,2970,"07 Buy, 21"
WMS,ROUND UP,540,"07 Buy, 21"
WMS,ROUND UP,48,"07 Buy, 21"
WMS,ROUND UP,948,"07 Buy, 21"
WMS,ROUND UP,204,"07 Buy, 21"
WMS,ROUND UP,456,"07 Buy, 21"
WMS,ROUND UP,2844,"07 Buy, 21"
YTH,FATBABY,504,"07 Buy, 21"
YTH,WORKHOG,1002,"07 Buy, 21"
YTH,WORKHOG,1002,"07 Buy, 21"
WMS,ROUND UP,6300,"07 Buy, 21"
WMS,ROUND UP,200,"07 Buy, 21"
WMS,ROUND UP,170,"07 Buy, 21"
WMS,ROUND UP,450,"07 Buy, 21"
WMS,DARLIN,500,"07 Buy, 21"
WMS,FATBABY,200,"07 Buy, 21"
YTH,HERITAGE,500,"07 Buy, 21"
WMS,ROUND UP,300,"07 Buy, 21"
WMS,FATBABY,200,"07 Buy, 21"
WMS,ROUND UP,161,"07 Buy, 21"
WMS,ROUND UP,139,"07 Buy, 21"
WMS,ROUND UP,153,"07 Buy, 21"
WMS,ROUND UP,197,"07 Buy, 21"
WMS,ROUND UP,461,"07 Buy, 21"
YTH,WORKHOG,2802,"08 Buy, 21"
YTH,WORKHOG,140,"08 Buy, 21"
YTH,WORKHOG,2400,"08 Buy, 21"
YTH,WORKHOG,1404,"08 Buy, 21"
WMS,HERITAGE,132,"08 Buy, 21"
WMS,HERITAGE,30,"08 Buy, 21"
WMS,HERITAGE,228,"08 Buy, 21"
WMS,HERITAGE,810,"08 Buy, 21"
WMS,FATBABY,2004,"08 Buy, 21"
WMS,FATBABY,84,"08 Buy, 21"
WMS,FATBABY,2916,"08 Buy, 21"
WMS,FATBABY,126,"08 Buy, 21"
WMS,FATBABY,9876,"08 Buy, 21"
WMS,FATBABY,1158,"08 Buy, 21"
WMS,FATBABY,42,"08 Buy, 21"
WMS,ROUND UP,2400,"08 Buy, 21"
WMS,ROUND UP,30,"08 Buy, 21"
WMS,ROUND UP,846,"08 Buy, 21"
WMS,ROUND UP,192,"08 Buy, 21"
WMS,ROUND UP,132,"08 Buy, 21"
WMS,HERITAGE,200,"08 Buy, 21"
YTH,HERITAGE,500,"08 Buy, 21"
WMS,ROUND UP,42,"08 Buy, 21"
WMS,ROUND UP,458,"08 Buy, 21"
WMS,HERITAGE,1128,"08 Buy, 21"
WMS,HERITAGE,72,"08 Buy, 21"
WMS,ROUND UP,100,"08 Buy, 21"
WMS,FATBABY,1206,"09 Buy, 21"
WMS,DARLIN,300,"09 Buy, 21"
WMS,ROUND UP,1736,"09 Buy, 21"
WMS,ROUND UP,66,"09 Buy, 21"
WMS,DARLIN,312,"09 Buy, 21"
WMS,DARLIN,102,"09 Buy, 21"
WMS,FATBABY,1800,"09 Buy, 21"
WMS,ROUND UP,2304,"09 Buy, 21"
WMS,FATBABY,348,"09 Buy, 21"
WMS,FATBABY,6852,"09 Buy, 21"
WMS,FATBABY,246,"09 Buy, 21"
WMS,FATBABY,8754,"09 Buy, 21"
YTH,WORKHOG,1800,"09 Buy, 21"
YTH,WORKHOG,1200,"09 Buy, 21"
WMS,ROUND UP,102,"09 Buy, 21"
WMS,ROUND UP,2922,"09 Buy, 21"
WMS,ROUND UP,462,"09 Buy, 21"
WMS,ROUND UP,114,"09 Buy, 21"
WMS,DARLIN,500,"09 Buy, 21"
WMS,ROUND UP,189,"09 Buy, 21"
WMS,FATBABY,1194,"09 Buy, 21"
WMS,FATBABY,1200,"09 Buy, 21"
WMS,ROUND UP,105,"09 Buy, 21"
YTH,HERITAGE,500,"10 Buy, 21"
WMS,ROUND UP,137,"10 Buy, 21"
WMS,HERITAGE,1304,"10 Buy, 21"
WMS,HERITAGE,96,"10 Buy, 21"
WMS,DARLIN,1044,"10 Buy, 21"
WMS,DARLIN,156,"10 Buy, 21"
WMS,HERITAGE,78,"10 Buy, 21"
WMS,HERITAGE,336,"10 Buy, 21"
WMS,HERITAGE,204,"10 Buy, 21"
WMS,HERITAGE,882,"10 Buy, 21"
WMS,HERITAGE,228,"10 Buy, 21"
WMS,HERITAGE,972,"10 Buy, 21"
YTH,HERITAGE,1200,"10 Buy, 21"
WMS,FATBABY,678,"10 Buy, 21"
WMS,FATBABY,822,"10 Buy, 21"
WMS,FATBABY,1200,"10 Buy, 21"
WMS,FATBABY,1182,"10 Buy, 21"
WMS,FATBABY,1200,"10 Buy, 21"
WMS,FATBABY,1200,"10 Buy, 21"
WMS,FATBABY,1200,"10 Buy, 21"
WMS,FATBABY,1002,"10 Buy, 21"
WMS,FATBABY,2004,"10 Buy, 21"
WMS,FATBABY,90,"10 Buy, 21"
WMS,FATBABY,8484,"10 Buy, 21"
WMS,FATBABY,1728,"10 Buy, 21"
WMS,FATBABY,1200,"10 Buy, 21"
WMS,FATBABY,1188,"10 Buy, 21"
WMS,FATBABY,1200,"10 Buy, 21"
WMS,FATBABY,756,"10 Buy, 21"
WMS,FATBABY,444,"10 Buy, 21"
YTH,WORKHOG,1200,"10 Buy, 21"
YTH,WORKHOG,1200,"10 Buy, 21"
WMS,ROUND UP,1200,"10 Buy, 21"
WMS,ROUND UP,1200,"10 Buy, 21"
WMS,ROUND UP,1200,"10 Buy, 21"
WMS,ROUND UP,54,"10 Buy, 21"
WMS,ROUND UP,1446,"10 Buy, 21"
WMS,ROUND UP,1188,"10 Buy, 21"
WMS,ROUND UP,100,"10 Buy, 21"
WMS,DARLIN,206,"10 Buy, 21"
WMS,FATBABY,300,"10 Buy, 21"
WMS,HERITAGE,360,"10 Buy, 21"
WMS,HERITAGE,264,"10 Buy, 21"
WMS,HERITAGE,228,"10 Buy, 21"
WMS,HERITAGE,1170,"10 Buy, 21"
WMS,FATBABY,726,"10 Buy, 21"
WMS,FATBABY,480,"10 Buy, 21"
WMS,ROUND UP,1170,"10 Buy, 21"
WMS,ROUND UP,42,"10 Buy, 21"
WMS,DARLIN,1200,"10 Buy, 21"
WMS,HERITAGE,1158,"10 Buy, 21"
WMS,HERITAGE,654,"10 Buy, 21"
WMS,HERITAGE,1194,"10 Buy, 21"
WMS,HERITAGE,150,"10 Buy, 21"
WMS,ROUND UP,185,"10 Buy, 21"
WMS,HERITAGE,1014,"10 Buy, 21"
WMS,HERITAGE,186,"10 Buy, 21"
WMS,FATBABY,1800,"10 Buy, 21"
WMS,FATBABY,312,"10 Buy, 21"
WMS,FATBABY,4188,"10 Buy, 21"
WMS,FATBABY,198,"10 Buy, 21"
WMS,FATBABY,6060,"10 Buy, 21"
YTH,WORKHOG,1200,"10 Buy, 21"
WMS,ROUND UP,1200,"10 Buy, 21"
WMS,ROUND UP,1602,"10 Buy, 21"
WMS,ROUND UP,96,"10 Buy, 21"
WMS,ROUND UP,1074,"10 Buy, 21"
WMS,ROUND UP,186,"10 Buy, 21"
WMS,ROUND UP,144,"10 Buy, 21"
WMS,ROUND UP,120,"10 Buy, 21"
WMS,HERITAGE,130,"10 Buy, 21"
WMS,HERITAGE,552,"11 Buy, 21"
WMS,FATBABY,606,"11 Buy, 21"
WMS,FATBABY,132,"11 Buy, 21"
WMS,FATBABY,1278,"11 Buy, 21"
WMS,HERITAGE,66,"11 Buy, 21"
WMS,HERITAGE,138,"11 Buy, 21"
WMS,HERITAGE,150,"11 Buy, 21"
WMS,HERITAGE,2382,"11 Buy, 21"
WMS,FATBABY,2130,"11 Buy, 21"
WMS,FATBABY,84,"11 Buy, 21"
WMS,FATBABY,1200,"11 Buy, 21"
YTH,WORKHOG,1212,"11 Buy, 21"
YTH,WORKHOG,3006,"11 Buy, 21"
WMS,ROUND UP,1944,"11 Buy, 21"
WMS,ROUND UP,60,"11 Buy, 21"
YTH,FATBABY,1200,"11 Buy, 21"
YTH,WORKHOG,1512,"11 Buy, 21"
YTH,WORKHOG,1206,"11 Buy, 21"
WMS,HERITAGE,1674,"11 Buy, 21"
WMS,HERITAGE,108,"11 Buy, 21"
WMS,FATBABY,4500,"11 Buy, 21"
WMS,FATBABY,96,"11 Buy, 21"
WMS,FATBABY,5904,"11 Buy, 21"
WMS,FATBABY,1200,"11 Buy, 21"
WMS,FATBABY,5400,"11 Buy, 21"
WMS,FATBABY,6588,"11 Buy, 21"
WMS,FATBABY,18804,"11 Buy, 21"
WMS,HERITAGE,618,"11 Buy, 21"
WMS,HERITAGE,84,"11 Buy, 21"
YTH,WORKHOG,5100,"11 Buy, 21"
YTH,WORKHOG,1500,"11 Buy, 21"
WMS,ROUND UP,1200,"11 Buy, 21"
WMS,ROUND UP,4308,"11 Buy, 21"
WMS,ROUND UP,1296,"11 Buy, 21"
WMS,ROUND UP,72,"11 Buy, 21"
WMS,ROUND UP,2058,"11 Buy, 21"
WMS,ROUND UP,180,"11 Buy, 21"
WMS,ROUND UP,156,"11 Buy, 21"
WMS,ROUND UP,114,"11 Buy, 21"
WMS,ROUND UP,1086,"11 Buy, 21"
YTH,HERITAGE,1224,"11 Buy, 21"
YTH,HERITAGE,200,"11 Buy, 21"
YTH,HERITAGE,600,"11 Buy, 21"
WMS,FATBABY,150,"11 Buy, 21"
WMS,HERITAGE,500,"11 Buy, 21"
WMS,HERITAGE,148,"11 Buy, 21"
WMS,HERITAGE,52,"11 Buy, 21"
WMS,ROUND UP,24,"11 Buy, 21"
WMS,ROUND UP,176,"11 Buy, 21"
WMS,HERITAGE,120,"01 Buy, 22"
WMS,HERITAGE,36,"01 Buy, 22"
YTH,WORKHOG,4500,"01 Buy, 22"
YTH,FATBABY,6612,"01 Buy, 22"
WMS,HERITAGE,294,"01 Buy, 22"
YTH,HERITAGE,204,"01 Buy, 22"
WMS,ROUND UP,6594,"01 Buy, 22"
WMS,ROUND UP,3000,"01 Buy, 22"
WMS,ROUND UP,306,"01 Buy, 22"
WMS,ROUND UP,702,"01 Buy, 22"
WMS,ROUND UP,1200,"01 Buy, 22"
WMS,HERITAGE,576,"01 Buy, 22"
WMS,HERITAGE,292,"01 Buy, 22"
WMS,HERITAGE,500,"01 Buy, 22"
YTH,HERITAGE,1000,"01 Buy, 22"
WMS,ROUND UP,260,"01 Buy, 22"
WMS,ROUND UP,440,"01 Buy, 22"
YTH,WORKHOG,500,"01 Buy, 22"
WMS,HERITAGE,618,"01 Buy, 22"
WMS,ROUND UP,356,"01 Buy, 22"
YTH,HERITAGE,414,"02 Buy, 22"
WMS,FATBABY,1026,"02 Buy, 22"
WMS,FATBABY,16374,"02 Buy, 22"
WMS,DARLIN,1206,"02 Buy, 22"
YTH,WORKHOG,5724,"02 Buy, 22"
WMS,FATBABY,1812,"02 Buy, 22"
WMS,HERITAGE,912,"02 Buy, 22"
WMS,HERITAGE,306,"02 Buy, 22"
WMS,FATBABY,372,"02 Buy, 22"
WMS,FATBABY,1434,"02 Buy, 22"
WMS,FATBABY,66,"02 Buy, 22"
WMS,FATBABY,1146,"02 Buy, 22"
WMS,FATBABY,1704,"02 Buy, 22"
WMS,FATBABY,696,"02 Buy, 22"
WMS,HERITAGE,90,"02 Buy, 22"
WMS,HERITAGE,96,"02 Buy, 22"
WMS,HERITAGE,288,"02 Buy, 22"
WMS,HERITAGE,2562,"02 Buy, 22"
WMS,FATBABY,3606,"02 Buy, 22"
YTH,WORKHOG,3000,"02 Buy, 22"
WMS,ROUND UP,3396,"02 Buy, 22"
WMS,ROUND UP,210,"02 Buy, 22"
WMS,FATBABY,1200,"02 Buy, 22"
WMS,FATBABY,1512,"02 Buy, 22"
WMS,FATBABY,1794,"02 Buy, 22"
WMS,HERITAGE,939,"02 Buy, 22"
WMS,HERITAGE,61,"02 Buy, 22"
YTH,HERITAGE,800,"02 Buy, 22"
YTH,HERITAGE,1200,"02 Buy, 22"
WMS,FATBABY,350,"02 Buy, 22"
WMS,DARLIN,200,"02 Buy, 22"
WMS,DARLIN,800,"02 Buy, 22"
WMS,FATBABY,150,"02 Buy, 22"
WMS,FATBABY,220,"02 Buy, 22"
WMS,HERITAGE,700,"02 Buy, 22"
WMS,HERITAGE,250,"02 Buy, 22"
WMS,ROUND UP,192,"02 Buy, 22"
WMS,DARLIN,504,"02 Buy, 22"
WMS,DARLIN,498,"02 Buy, 22"
WMS,FATBABY,165,"02 Buy, 22"
WMS,HERITAGE,480,"02 Buy, 22"
WMS,ROUND UP,504,"02 Buy, 22"
WMS,ROUND UP,120,"02 Buy, 22"
WMS,HERITAGE,54,"02 Buy, 22"
WMS,HERITAGE,30,"02 Buy, 22"
WMS,HERITAGE,2304,"02 Buy, 22"
WMS,FATBABY,240,"02 Buy, 22"
WMS,FATBABY,3960,"02 Buy, 22"
WMS,FATBABY,1200,"02 Buy, 22"
WMS,ROUND UP,3402,"02 Buy, 22"
WMS,FATBABY,14400,"02 Buy, 22"
WMS,FATBABY,240,"02 Buy, 22"
WMS,FATBABY,7560,"02 Buy, 22"
WMS,ROUND UP,1200,"02 Buy, 22"
WMS,ROUND UP,624,"02 Buy, 22"
WMS,ROUND UP,2550,"02 Buy, 22"
WMS,ROUND UP,420,"02 Buy, 22"
WMS,HERITAGE,2478,"03 Buy, 22"
WMS,HERITAGE,252,"03 Buy, 22"
WMS,HERITAGE,792,"03 Buy, 22"
WMS,HERITAGE,888,"03 Buy, 22"
WMS,HERITAGE,3900,"03 Buy, 22"
WMS,HERITAGE,450,"03 Buy, 22"
WMS,HERITAGE,126,"03 Buy, 22"
WMS,HERITAGE,108,"03 Buy, 22"
WMS,HERITAGE,258,"03 Buy, 22"
WMS,HERITAGE,1530,"03 Buy, 22"
YTH,WORKHOG,5514,"03 Buy, 22"
WMS,ROUND UP,1452,"03 Buy, 22"
WMS,ROUND UP,66,"03 Buy, 22"
WMS,HERITAGE,1122,"03 Buy, 22"
WMS,HERITAGE,84,"03 Buy, 22"
WMS,ROUND UP,2508,"03 Buy, 22"
WMS,HERITAGE,1200,"03 Buy, 22"
YTH,WORKHOG,1206,"03 Buy, 22"
YTH,HERITAGE,1000,"03 Buy, 22"
YTH,FATBABY,240,"03 Buy, 22"
WMS,ROUND UP,200,"03 Buy, 22"
WMS,FATBABY,366,"03 Buy, 22"
WMS,FATBABY,834,"03 Buy, 22"
WMS,FATBABY,324,"03 Buy, 22"
WMS,FATBABY,7674,"03 Buy, 22"
WMS,FATBABY,1104,"03 Buy, 22"
WMS,FATBABY,1872,"03 Buy, 22"
WMS,FATBABY,17826,"03 Buy, 22"
WMS,FATBABY,1200,"03 Buy, 22"
WMS,FATBABY,1200,"03 Buy, 22"
WMS,FATBABY,1200,"03 Buy, 22"
YTH,FATBABY,960,"03 Buy, 22"
WMS,ROUND UP,1002,"03 Buy, 22"
WMS,ROUND UP,120,"03 Buy, 22"
WMS,ROUND UP,78,"03 Buy, 22"
WMS,ROUND UP,5436,"03 Buy, 22"
WMS,ROUND UP,366,"03 Buy, 22"
WMS,ROUND UP,198,"03 Buy, 22"
WMS,HERITAGE,378,"04 Buy, 22"
WMS,HERITAGE,2124,"04 Buy, 22"
WMS,FATBABY,2856,"04 Buy, 22"
WMS,FATBABY,198,"04 Buy, 22"
WMS,FATBABY,3774,"04 Buy, 22"
WMS,FATBABY,3582,"04 Buy, 22"
WMS,FATBABY,5052,"04 Buy, 22"
WMS,ROUND UP,3282,"04 Buy, 22"
WMS,ROUND UP,600,"04 Buy, 22"
WMS,ROUND UP,4866,"04 Buy, 22"
WMS,ROUND UP,1800,"04 Buy, 22"
WMS,ROUND UP,1818,"04 Buy, 22"
WMS,ROUND UP,200,"04 Buy, 22"
WMS,ROUND UP,105,"04 Buy, 22"
WMS,ROUND UP,105,"04 Buy, 22"
WMS,ROUND UP,312,"04 Buy, 22"
WMS,HERITAGE,630,"05 Buy, 22"
WMS,HERITAGE,96,"05 Buy, 22"
WMS,HERITAGE,216,"05 Buy, 22"
WMS,HERITAGE,390,"05 Buy, 22"
WMS,HERITAGE,2778,"05 Buy, 22"
WMS,HERITAGE,144,"05 Buy, 22"
WMS,HERITAGE,270,"05 Buy, 22"
WMS,HERITAGE,204,"05 Buy, 22"
WMS,HERITAGE,150,"05 Buy, 22"
WMS,HERITAGE,588,"05 Buy, 22"
YTH,HERITAGE,528,"05 Buy, 22"
WMS,ROUND UP,1152,"05 Buy, 22"
WMS,ROUND UP,48,"05 Buy, 22"
YTH,FATBABY,2418,"05 Buy, 22"
YTH,WORKHOG,1218,"05 Buy, 22"
YTH,WORKHOG,1206,"05 Buy, 22"
WMS,DARLIN,1218,"05 Buy, 22"
WMS,ROUND UP,2004,"05 Buy, 22"
WMS,FATBABY,1212,"05 Buy, 22"
WMS,HERITAGE,1086,"05 Buy, 22"
WMS,HERITAGE,120,"05 Buy, 22"
WMS,HERITAGE,1806,"05 Buy, 22"
WMS,HERITAGE,1218,"05 Buy, 22"
WMS,ROUND UP,1206,"05 Buy, 22"
YTH,WORKHOG,1206,"05 Buy, 22"
WMS,FATBABY,1200,"05 Buy, 22"
WMS,FATBABY,8208,"05 Buy, 22"
YTH,WORKHOG,6252,"05 Buy, 22"
YTH,WORKHOG,120,"05 Buy, 22"
WMS,HERITAGE,500,"05 Buy, 22"
WMS,HERITAGE,437,"05 Buy, 22"
WMS,HERITAGE,63,"05 Buy, 22"
WMS,HERITAGE,100,"05 Buy, 22"
WMS,FATBABY,150,"05 Buy, 22"
YTH,HERITAGE,700,"05 Buy, 22"
WMS,ROUND UP,1164,"05 Buy, 22"
WMS,ROUND UP,36,"05 Buy, 22"
WMS,HERITAGE,250,"06 Buy, 22"
WMS,HERITAGE,234,"06 Buy, 22"
YTH,HERITAGE,200,"06 Buy, 22"
WMS,FATBABY,300,"06 Buy, 22"
YTH,HERITAGE,60,"06 Buy, 22"
WMS,HERITAGE,822,"06 Buy, 22"
WMS,HERITAGE,180,"06 Buy, 22"
WMS,FATBABY,1194,"06 Buy, 22"
WMS,HERITAGE,1740,"06 Buy, 22"
WMS,HERITAGE,240,"06 Buy, 22"
WMS,HERITAGE,9942,"06 Buy, 22"
WMS,HERITAGE,282,"06 Buy, 22"
WMS,HERITAGE,372,"06 Buy, 22"
WMS,HERITAGE,216,"06 Buy, 22"
WMS,HERITAGE,222,"06 Buy, 22"
WMS,HERITAGE,1002,"06 Buy, 22"
YTH,HERITAGE,1008,"06 Buy, 22"
YTH,FATBABY,1218,"06 Buy, 22"
YTH,WORKHOG,1818,"06 Buy, 22"
WMS,FATBABY,306,"06 Buy, 22"
WMS,FATBABY,3912,"06 Buy, 22"
YTH,HERITAGE,1200,"06 Buy, 22"
YTH,HERITAGE,1152,"06 Buy, 22"
YTH,HERITAGE,250,"06 Buy, 22"
YTH,HERITAGE,150,"06 Buy, 22"
YTH,HERITAGE,50,"06 Buy, 22"
WMS,FATBABY,2400,"06 Buy, 22"
WMS,FATBABY,102,"06 Buy, 22"
WMS,FATBABY,900,"06 Buy, 22"
WMS,FATBABY,144,"06 Buy, 22"
WMS,FATBABY,4854,"06 Buy, 22"
WMS,FATBABY,1800,"06 Buy, 22"
WMS,HERITAGE,100,"07 Buy, 22"
WMS,DARLIN,1000,"07 Buy, 22"
WMS,ROUND UP,140,"07 Buy, 22"
WMS,HERITAGE,348,"07 Buy, 22"
WMS,DARLIN,369,"07 Buy, 22"
WMS,DARLIN,135,"07 Buy, 22"
WMS,DARLIN,600,"07 Buy, 22"
WMS,DARLIN,102,"07 Buy, 22"
WMS,DARLIN,162,"07 Buy, 22"
WMS,DARLIN,90,"07 Buy, 22"
WMS,FATBABY,300,"07 Buy, 22"
WMS,ROUND UP,90,"07 Buy, 22"
WMS,ROUND UP,210,"07 Buy, 22"
WMS,HERITAGE,162,"07 Buy, 22"
WMS,HERITAGE,120,"07 Buy, 22"
WMS,HERITAGE,492,"07 Buy, 22"
WMS,HERITAGE,5226,"07 Buy, 22"
WMS,HERITAGE,204,"07 Buy, 22"
YTH,WORKHOG,11100,"07 Buy, 22"
WMS,DARLIN,930,"07 Buy, 22"
WMS,DARLIN,294,"07 Buy, 22"
WMS,DARLIN,1218,"07 Buy, 22"
WMS,ROUND UP,2406,"07 Buy, 22"
YTH,WORKHOG,4212,"07 Buy, 22"
WMS,FATBABY,2412,"07 Buy, 22"
WMS,FATBABY,1806,"07 Buy, 22"
YTH,FATBABY,1914,"07 Buy, 22"
YTH,ROUND UP,3918,"07 Buy, 22"
YTH,ROUND UP,1200,"07 Buy, 22"
WMS,ROUND UP,1206,"07 Buy, 22"
YTH,ROUND UP,520,"07 Buy, 22"
YTH,ROUND UP,120,"07 Buy, 22"
WMS,ROUND UP,120,"07 Buy, 22"
WMS,ROUND UP,120,"07 Buy, 22"
WMS,FATBABY,30,"07 Buy, 22"
WMS,FATBABY,1170,"07 Buy, 22"
WMS,ROUND UP,2304,"07 Buy, 22"
WMS,ROUND UP,96,"07 Buy, 22"
WMS,ROUND UP,800,"08 Buy, 22"
WMS,ROUND UP,650,"08 Buy, 22"
WMS,FATBABY,210,"08 Buy, 22"
WMS,ROUND UP,504,"08 Buy, 22"
WMS,FATBABY,78,"08 Buy, 22"
WMS,ROUND UP,192,"08 Buy, 22"
WMS,ROUND UP,4350,"08 Buy, 22"
WMS,ROUND UP,474,"08 Buy, 22"
WMS,ROUND UP,390,"08 Buy, 22"
YTH,WORKHOG,1218,"08 Buy, 22"
WMS,ROUND UP,1608,"08 Buy, 22"
WMS,FATBABY,1200,"08 Buy, 22"
WMS,ROUND UP,3612,"08 Buy, 22"
WMS,FATBABY,1200,"08 Buy, 22"
WMS,ROUND UP,1800,"08 Buy, 22"
WMS,ROUND UP,2844,"08 Buy, 22"
WMS,ROUND UP,168,"08 Buy, 22"
WMS,ROUND UP,5004,"08 Buy, 22"
WMS,FATBABY,3606,"08 Buy, 22"
WMS,FATBABY,2412,"08 Buy, 22"
WMS,HERITAGE,222,"08 Buy, 22"
WMS,HERITAGE,1290,"08 Buy, 22"
YTH,HERITAGE,1500,"08 Buy, 22"
YTH,WORKHOG,1554,"09 Buy, 22"
YTH,FATBABY,1206,"09 Buy, 22"
WMS,DARLIN,1542,"09 Buy, 22"
WMS,DARLIN,252,"09 Buy, 22"
WMS,DARLIN,3426,"09 Buy, 22"
WMS,DARLIN,288,"09 Buy, 22"
YTH,WORKHOG,4110,"09 Buy, 22"
WMS,DARLIN,1206,"09 Buy, 22"
WMS,ROUND UP,1596,"09 Buy, 22"
WMS,FATBABY,3216,"09 Buy, 22"
WMS,HERITAGE,2520,"09 Buy, 22"
WMS,HERITAGE,192,"09 Buy, 22"
WMS,ROUND UP,2700,"09 Buy, 22"
WMS,HERITAGE,1476,"09 Buy, 22"
WMS,HERITAGE,288,"09 Buy, 22"
WMS,HERITAGE,1608,"09 Buy, 22"
WMS,FATBABY,2616,"09 Buy, 22"
WMS,FATBABY,3612,"09 Buy, 22"
YTH,WORKHOG,1104,"09 Buy, 22"
YTH,ROUND UP,1212,"09 Buy, 22"
WMS,ROUND UP,102,"09 Buy, 22"
WMS,ROUND UP,1578,"09 Buy, 22"
WMS,ROUND UP,906,"09 Buy, 22"
WMS,ROUND UP,216,"09 Buy, 22"
YTH,HERITAGE,600,"09 Buy, 22"
YTH,WORKHOG,100,"09 Buy, 22"
WMS,DARLIN,60,"09 Buy, 22"
WMS,DARLIN,940,"09 Buy, 22"
WMS,ROUND UP,200,"09 Buy, 22"
WMS,DARLIN,1194,"10 Buy, 22"
WMS,DARLIN,24,"10 Buy, 22"
WMS,ROUND UP,1206,"10 Buy, 22"
WMS,HERITAGE,1218,"10 Buy, 22"
WMS,FATBABY,1200,"10 Buy, 22"
YTH,WORKHOG,1206,"10 Buy, 22"
YTH,FATBABY,7008,"10 Buy, 22"
WMS,ROUND UP,1632,"10 Buy, 22"
YTH,HERITAGE,1000,"10 Buy, 22"
WMS,FATBABY,1506,"10 Buy, 22"
WMS,HERITAGE,174,"11 Buy, 22"
WMS,HERITAGE,90,"11 Buy, 22"
WMS,HERITAGE,216,"11 Buy, 22"
WMS,HERITAGE,522,"11 Buy, 22"
YTH,HERITAGE,1206,"11 Buy, 22"
WMS,DARLIN,1536,"11 Buy, 22"
WMS,DARLIN,264,"11 Buy, 22"
YTH,WORKHOG,1506,"11 Buy, 22"
WMS,FATBABY,1212,"11 Buy, 22"
YTH,WORKHOG,1506,"11 Buy, 22"
WMS,ROUND UP,3006,"11 Buy, 22"
WMS,FATBABY,3006,"11 Buy, 22"
WMS,ROUND UP,84,"11 Buy, 22"
WMS,HERITAGE,1068,"11 Buy, 22"
WMS,HERITAGE,144,"11 Buy, 22"
WMS,HERITAGE,336,"11 Buy, 22"
WMS,HERITAGE,870,"11 Buy, 22"
WMS,ROUND UP,1200,"11 Buy, 22"
WMS,ROUND UP,1176,"11 Buy, 22"
WMS,ROUND UP,288,"11 Buy, 22"
WMS,HERITAGE,200,"11 Buy, 22"
YTH,HERITAGE,500,"11 Buy, 22"
YTH,HERITAGE,1000,"11 Buy, 22"
YTH,WORKHOG,100,"11 Buy, 22"
WMS,ROUND UP,150,"11 Buy, 22"
WMS,FATBABY,250,"11 Buy, 22"
WMS,HERITAGE,200,"11 Buy, 22"
WMS,ROUND UP,282,"11 Buy, 22"
WMS,ROUND UP,114,"11 Buy, 22"
WMS,ROUND UP,54,"12 Buy, 22"
WMS,ROUND UP,66,"12 Buy, 22"
WMS,HERITAGE,216,"12 Buy, 22"
WMS,HERITAGE,102,"12 Buy, 22"
WMS,ROUND UP,252,"12 Buy, 22"
WMS,ROUND UP,390,"12 Buy, 22"
WMS,ROUND UP,98,"12 Buy, 22"
WMS,ROUND UP,62,"12 Buy, 22"
WMS,HERITAGE,156,"12 Buy, 22"
WMS,HERITAGE,144,"12 Buy, 22"
WMS,HERITAGE,618,"12 Buy, 22"
WMS,HERITAGE,1488,"12 Buy, 22"
YTH,WORKHOG,1206,"12 Buy, 22"
WMS,ROUND UP,954,"12 Buy, 22"
WMS,ROUND UP,264,"12 Buy, 22"
WMS,FATBABY,1200,"12 Buy, 22"
WMS,ROUND UP,1200,"12 Buy, 22"
WMS,ROUND UP,90,"12 Buy, 22"
WMS,ROUND UP,1116,"12 Buy, 22"
WMS,ROUND UP,252,"12 Buy, 22"
WMS,ROUND UP,3960,"12 Buy, 22"
WMS,HERITAGE,996,"12 Buy, 22"
WMS,HERITAGE,204,"12 Buy, 22"
WMS,FATBABY,306,"12 Buy, 22"
WMS,FATBABY,894,"12 Buy, 22"
WMS,HERITAGE,174,"01 Buy, 23"
WMS,HERITAGE,120,"01 Buy, 23"
WMS,HERITAGE,234,"01 Buy, 23"
WMS,HERITAGE,990,"01 Buy, 23"
WMS,ROUND UP,1206,"01 Buy, 23"
WMS,ROUND UP,1218,"01 Buy, 23"
WMS,ROUND UP,66,"01 Buy, 23"
WMS,ROUND UP,2142,"01 Buy, 23"
WMS,HERITAGE,1374,"01 Buy, 23"
WMS,HERITAGE,126,"01 Buy, 23"
WMS,FATBABY,1800,"01 Buy, 23"
WMS,FATBABY,1800,"01 Buy, 23"
WMS,ROUND UP,210,"01 Buy, 23"
WMS,HERITAGE,150,"02 Buy, 23"
YTH,ROUND UP,140,"02 Buy, 23"
YTH,ROUND UP,560,"02 Buy, 23"
WMS,HERITAGE,4260,"02 Buy, 23"
WMS,HERITAGE,594,"02 Buy, 23"
WMS,HERITAGE,7230,"02 Buy, 23"
WMS,HERITAGE,396,"02 Buy, 23"
WMS,HERITAGE,246,"02 Buy, 23"
WMS,HERITAGE,114,"02 Buy, 23"
WMS,HERITAGE,270,"02 Buy, 23"
WMS,HERITAGE,1452,"02 Buy, 23"
WMS,HERITAGE,1200,"02 Buy, 23"
YTH,ROUND UP,1998,"02 Buy, 23"
YTH,ROUND UP,7800,"02 Buy, 23"
WMS,ROUND UP,1188,"02 Buy, 23"
WMS,ROUND UP,60,"02 Buy, 23"
WMS,ROUND UP,1152,"02 Buy, 23"
WMS,HERITAGE,354,"02 Buy, 23"
WMS,HERITAGE,180,"02 Buy, 23"
WMS,HERITAGE,402,"02 Buy, 23"
WMS,ROUND UP,366,"02 Buy, 23"
WMS,ROUND UP,180,"02 Buy, 23"
WMS,HERITAGE,618,"02 Buy, 23"
WMS,HERITAGE,204,"02 Buy, 23"
WMS,ROUND UP,41,"02 Buy, 23"
WMS,ROUND UP,41,"02 Buy, 23"
WMS,HERITAGE,702,"02 Buy, 23"
WMS,HERITAGE,402,"02 Buy, 23"
WMS,HERITAGE,300,"02 Buy, 23"
WMS,ROUND UP,500,"03 Buy, 23"
WMS,HERITAGE,108,"03 Buy, 23"
WMS,HERITAGE,48,"03 Buy, 23"
WMS,HERITAGE,234,"03 Buy, 23"
WMS,HERITAGE,1710,"03 Buy, 23"
YTH,HERITAGE,2208,"03 Buy, 23"
WMS,ROUND UP,3114,"03 Buy, 23"
WMS,ROUND UP,186,"03 Buy, 23"
WMS,FATBABY,2100,"03 Buy, 23"
WMS,FATBABY,6480,"03 Buy, 23"
WMS,FATBABY,420,"03 Buy, 23"
WMS,HERITAGE,624,"03 Buy, 23"
WMS,DARLIN,486,"03 Buy, 23"
WMS,DARLIN,132,"03 Buy, 23"
WMS,DARLIN,108,"03 Buy, 23"
WMS,ROUND UP,48,"03 Buy, 23"
WMS,HERITAGE,48,"03 Buy, 23"
WMS,DARLIN,102,"03 Buy, 23"
WMS,DARLIN,150,"03 Buy, 23"
WMS,DARLIN,90,"03 Buy, 23"
WMS,ROUND UP,192,"03 Buy, 23"
WMS,ROUND UP,84,"03 Buy, 23"
WMS,HERITAGE,978,"04 Buy, 23"
WMS,HERITAGE,1824,"04 Buy, 23"
WMS,HERITAGE,79,"04 Buy, 23"
WMS,HERITAGE,421,"04 Buy, 23"
WMS,HERITAGE,200,"04 Buy, 23"
WMS,ROUND UP,138,"04 Buy, 23"
WMS,ROUND UP,138,"04 Buy, 23"
WMS,ROUND UP,198,"04 Buy, 23"
WMS,ROUND UP,198,"04 Buy, 23"
WMS,HERITAGE,690,"04 Buy, 23"
WMS,HERITAGE,42,"04 Buy, 23"
WMS,HERITAGE,708,"04 Buy, 23"
WMS,HERITAGE,90,"04 Buy, 23"
WMS,HERITAGE,114,"04 Buy, 23"
WMS,HERITAGE,72,"04 Buy, 23"
WMS,HERITAGE,114,"04 Buy, 23"
WMS,HERITAGE,702,"04 Buy, 23"
YTH,WORKHOG,1710,"04 Buy, 23"
WMS,ROUND UP,1188,"04 Buy, 23"
WMS,ROUND UP,1512,"04 Buy, 23"
WMS,ROUND UP,2712,"04 Buy, 23"
WMS,ROUND UP,2100,"04 Buy, 23"
WMS,HERITAGE,24,"05 Buy, 23"
WMS,HERITAGE,54,"05 Buy, 23"
WMS,HERITAGE,120,"05 Buy, 23"
WMS,HERITAGE,2238,"05 Buy, 23"
YTH,FATBABY,1584,"05 Buy, 23"
WMS,DARLIN,996,"05 Buy, 23"
WMS,DARLIN,330,"05 Buy, 23"
WMS,HERITAGE,690,"05 Buy, 23"
WMS,HERITAGE,132,"05 Buy, 23"
WMS,ROUND UP,1212,"05 Buy, 23"
YTH,HERITAGE,612,"05 Buy, 23"
WMS,ROUND UP,1206,"05 Buy, 23"
YTH,ROUND UP,1206,"05 Buy, 23"
WMS,HERITAGE,1116,"05 Buy, 23"
WMS,HERITAGE,84,"05 Buy, 23"
YTH,ROUND UP,600,"05 Buy, 23"
WMS,HERITAGE,917,"05 Buy, 23"
WMS,HERITAGE,83,"05 Buy, 23"
WMS,HERITAGE,1020,"05 Buy, 23"
WMS,DARLIN,240,"05 Buy, 23"
WMS,HERITAGE,180,"05 Buy, 23"
WMS,DARLIN,198,"06 Buy, 23"
WMS,ROUND UP,450,"06 Buy, 23"
WMS,ROUND UP,114,"06 Buy, 23"
WMS,DARLIN,144,"06 Buy, 23"
WMS,DARLIN,264,"06 Buy, 23"
WMS,ROUND UP,372,"06 Buy, 23"
WMS,ROUND UP,1626,"06 Buy, 23"
WMS,ROUND UP,114,"06 Buy, 23"
WMS,ROUND UP,84,"06 Buy, 23"
WMS,HERITAGE,330,"06 Buy, 23"
WMS,HERITAGE,300,"06 Buy, 23"
WMS,HERITAGE,1812,"06 Buy, 23"
WMS,ROUND UP,1572,"06 Buy, 23"
WMS,ROUND UP,400,"06 Buy, 23"
WMS,ROUND UP,200,"06 Buy, 23"
WMS,HERITAGE,330,"06 Buy, 23"
WMS,HERITAGE,84,"06 Buy, 23"
WMS,HERITAGE,102,"06 Buy, 23"
WMS,HERITAGE,738,"06 Buy, 23"
WMS,HERITAGE,216,"06 Buy, 23"
WMS,HERITAGE,108,"06 Buy, 23"
WMS,HERITAGE,72,"06 Buy, 23"
WMS,HERITAGE,4314,"06 Buy, 23"
WMS,HERITAGE,120,"06 Buy, 23"
WMS,HERITAGE,312,"06 Buy, 23"
WMS,HERITAGE,2694,"06 Buy, 23"
WMS,HERITAGE,200,"06 Buy, 23"
WMS,HERITAGE,144,"06 Buy, 23"
WMS,HERITAGE,324,"06 Buy, 23"
WMS,HERITAGE,2688,"06 Buy, 23"
WMS,FATBABY,30,"06 Buy, 23"
WMS,FATBABY,516,"06 Buy, 23"
YTH,WORKHOG,84,"06 Buy, 23"
YTH,WORKHOG,420,"06 Buy, 23"
WMS,DARLIN,600,"06 Buy, 23"
WMS,ROUND UP,234,"06 Buy, 23"
WMS,HERITAGE,1000,"06 Buy, 23"
WMS,HERITAGE,300,"06 Buy, 23"
WMS,HERITAGE,384,"06 Buy, 23"
WMS,HERITAGE,90,"07 Buy, 23"
WMS,HERITAGE,90,"07 Buy, 23"
WMS,HERITAGE,108,"07 Buy, 23"
WMS,HERITAGE,198,"07 Buy, 23"
WMS,ROUND UP,78,"07 Buy, 23"
WMS,ROUND UP,162,"07 Buy, 23"
WMS,ROUND UP,30,"07 Buy, 23"
WMS,ROUND UP,66,"07 Buy, 23"
WMS,ROUND UP,24,"07 Buy, 23"
WMS,ROUND UP,120,"07 Buy, 23"
WMS,FATBABY,606,"07 Buy, 23"
YTH,HERITAGE,2520,"07 Buy, 23"
WMS,FATBABY,174,"07 Buy, 23"
WMS,FATBABY,972,"07 Buy, 23"
WMS,FATBABY,54,"07 Buy, 23"
WMS,FATBABY,1326,"07 Buy, 23"
WMS,FATBABY,108,"07 Buy, 23"
WMS,FATBABY,66,"07 Buy, 23"
WMS,FATBABY,138,"07 Buy, 23"
WMS,FATBABY,36,"07 Buy, 23"
WMS,FATBABY,1026,"07 Buy, 23"
WMS,FATBABY,318,"07 Buy, 23"
WMS,FATBABY,1746,"07 Buy, 23"
WMS,FATBABY,36,"07 Buy, 23"
YTH,FATBABY,2412,"07 Buy, 23"
WMS,HERITAGE,228,"07 Buy, 23"
WMS,HERITAGE,972,"07 Buy, 23"
WMS,HERITAGE,234,"07 Buy, 23"
WMS,HERITAGE,1260,"07 Buy, 23"
WMS,ROUND UP,1218,"07 Buy, 23"
WMS,ROUND UP,1752,"07 Buy, 23"
WMS,ROUND UP,228,"07 Buy, 23"
WMS,ROUND UP,3972,"07 Buy, 23"
WMS,HERITAGE,910,"07 Buy, 23"
WMS,HERITAGE,90,"07 Buy, 23"
WMS,HERITAGE,200,"07 Buy, 23"
YTH,FATBABY,110,"07 Buy, 23"
YTH,HERITAGE,500,"07 Buy, 23"
WMS,DARLIN,500,"07 Buy, 23"
WMS,ROUND UP,500,"07 Buy, 23"
YTH,HERITAGE,100,"07 Buy, 23"
WMS,FATBABY,100,"07 Buy, 23"
WMS,FATBABY,110,"07 Buy, 23"
WMS,ROUND UP,130,"07 Buy, 23"
WMS,ROUND UP,100,"07 Buy, 23"
WMS,ROUND UP,700,"07 Buy, 23"
WMS,HERITAGE,438,"07 Buy, 23"
WMS,DARLIN,540,"07 Buy, 23"
WMS,DARLIN,504,"07 Buy, 23"
WMS,HERITAGE,48,"07 Buy, 23"
WMS,HERITAGE,132,"07 Buy, 23"
WMS,HERITAGE,66,"07 Buy, 23"
WMS,DARLIN,264,"07 Buy, 23"
WMS,DARLIN,150,"07 Buy, 23"
WMS,HERITAGE,66,"07 Buy, 23"
WMS,HERITAGE,66,"07 Buy, 23"
WMS,ROUND UP,180,"07 Buy, 23"
WMS,HERITAGE,72,"08 Buy, 23"
WMS,HERITAGE,36,"08 Buy, 23"
WMS,HERITAGE,762,"08 Buy, 23"
WMS,HERITAGE,24,"08 Buy, 23"
WMS,HERITAGE,90,"08 Buy, 23"
WMS,HERITAGE,36,"08 Buy, 23"
WMS,HERITAGE,66,"08 Buy, 23"
WMS,HERITAGE,168,"08 Buy, 23"
YTH,WORKHOG,1092,"08 Buy, 23"
WMS,FATBABY,156,"08 Buy, 23"
WMS,FATBABY,540,"08 Buy, 23"
WMS,ROUND UP,564,"08 Buy, 23"
WMS,ROUND UP,150,"08 Buy, 23"
WMS,DARLIN,2016,"08 Buy, 23"
WMS,ROUND UP,48,"08 Buy, 23"
WMS,ROUND UP,2952,"08 Buy, 23"
WMS,FATBABY,656,"08 Buy, 23"
WMS,FATBABY,508,"08 Buy, 23"
WMS,FATBABY,500,"08 Buy, 23"
WMS,FATBABY,498,"08 Buy, 23"
WMS,FATBABY,102,"08 Buy, 23"
WMS,FATBABY,300,"08 Buy, 23"
WMS,FATBABY,1200,"08 Buy, 23"
WMS,FATBABY,2004,"08 Buy, 23"
WMS,FATBABY,750,"08 Buy, 23"
WMS,ROUND UP,216,"08 Buy, 23"
WMS,ROUND UP,84,"08 Buy, 23"
WMS,ROUND UP,30,"08 Buy, 23"
WMS,ROUND UP,486,"08 Buy, 23"
WMS,HERITAGE,527,"08 Buy, 23"
WMS,HERITAGE,73,"08 Buy, 23"
WMS,HERITAGE,150,"08 Buy, 23"
WMS,DARLIN,500,"08 Buy, 23"
WMS,ROUND UP,650,"08 Buy, 23"
WMS,ROUND UP,300,"08 Buy, 23"
WMS,ROUND UP,100,"08 Buy, 23"
WMS,HERITAGE,600,"08 Buy, 23"
WMS,FATBABY,318,"08 Buy, 23"
WMS,FATBABY,120,"08 Buy, 23"
WMS,HERITAGE,798,"08 Buy, 23"
WMS,FATBABY,102,"08 Buy, 23"
WMS,FATBABY,180,"08 Buy, 23"
WMS,FATBABY,504,"09 Buy, 23"
WMS,FATBABY,504,"09 Buy, 23"
WMS,HERITAGE,660,"09 Buy, 23"
WMS,HERITAGE,2826,"09 Buy, 23"
WMS,HERITAGE,660,"09 Buy, 23"
WMS,HERITAGE,2826,"09 Buy, 23"
WMS,HERITAGE,330,"09 Buy, 23"
WMS,HERITAGE,570,"09 Buy, 23"
WMS,HERITAGE,330,"09 Buy, 23"
WMS,HERITAGE,570,"09 Buy, 23"
WMS,FATBABY,504,"09 Buy, 23"
WMS,ROUND UP,228,"09 Buy, 23"
WMS,ROUND UP,78,"09 Buy, 23"
WMS,HERITAGE,78,"09 Buy, 23"
WMS,HERITAGE,84,"09 Buy, 23"
WMS,HERITAGE,1014,"09 Buy, 23"
WMS,HERITAGE,24,"09 Buy, 23"
WMS,HERITAGE,138,"09 Buy, 23"
WMS,HERITAGE,90,"09 Buy, 23"
WMS,HERITAGE,492,"09 Buy, 23"
WMS,HERITAGE,2280,"09 Buy, 23"
WMS,FATBABY,144,"09 Buy, 23"
WMS,FATBABY,1056,"09 Buy, 23"
YTH,FATBABY,600,"09 Buy, 23"
WMS,DARLIN,1926,"09 Buy, 23"
WMS,DARLIN,276,"09 Buy, 23"
WMS,DARLIN,174,"09 Buy, 23"
WMS,DARLIN,126,"09 Buy, 23"
WMS,ROUND UP,684,"09 Buy, 23"
WMS,ROUND UP,168,"09 Buy, 23"
WMS,HERITAGE,210,"09 Buy, 23"
WMS,HERITAGE,90,"09 Buy, 23"
WMS,HERITAGE,1200,"09 Buy, 23"
YTH,WORKHOG,1200,"09 Buy, 23"
WMS,FATBABY,300,"09 Buy, 23"
WMS,ROUND UP,252,"09 Buy, 23"
WMS,ROUND UP,48,"09 Buy, 23"
WMS,FATBABY,150,"09 Buy, 23"
WMS,FATBABY,150,"09 Buy, 23"
WMS,ROUND UP,300,"09 Buy, 23"
WMS,FATBABY,720,"09 Buy, 23"
WMS,FATBABY,600,"09 Buy, 23"
WMS,ROUND UP,156,"09 Buy, 23"
WMS,ROUND UP,2244,"09 Buy, 23"
WMS,ROUND UP,350,"09 Buy, 23"
YTH,HERITAGE,500,"09 Buy, 23"
WMS,ROUND UP,200,"09 Buy, 23"
WMS,HERITAGE,100,"09 Buy, 23"
WMS,ROUND UP,100,"09 Buy, 23"
WMS,HERITAGE,48,"09 Buy, 23"
WMS,DARLIN,54,"09 Buy, 23"
WMS,HERITAGE,648,"09 Buy, 23"
WMS,HERITAGE,162,"09 Buy, 23"
WMS,DARLIN,300,"09 Buy, 23"
WMS,DARLIN,150,"09 Buy, 23"
WMS,ROUND UP,150,"09 Buy, 23"
MNS,HERITAGE,300,"09 Buy, 23"
MNS,HERITAGE,204,"09 Buy, 23"
WMS,HERITAGE,715,"10 Buy, 23"
WMS,HERITAGE,35,"10 Buy, 23"
WMS,DARLIN,500,"10 Buy, 23"
WMS,ROUND UP,600,"10 Buy, 23"
YTH,HERITAGE,500,"10 Buy, 23"
WMS,HERITAGE,160,"10 Buy, 23"
WMS,HERITAGE,150,"10 Buy, 23"
WMS,FATBABY,144,"10 Buy, 23"
WMS,FATBABY,456,"10 Buy, 23"
WMS,HERITAGE,36,"10 Buy, 23"
WMS,HERITAGE,66,"10 Buy, 23"
WMS,HERITAGE,30,"10 Buy, 23"
WMS,HERITAGE,36,"10 Buy, 23"
WMS,HERITAGE,282,"10 Buy, 23"
WMS,HERITAGE,852,"10 Buy, 23"
MNS,HERITAGE,1590,"10 Buy, 23"
MNS,HERITAGE,48,"10 Buy, 23"
MNS,HERITAGE,762,"10 Buy, 23"
WMS,DARLIN,942,"10 Buy, 23"
WMS,DARLIN,258,"10 Buy, 23"
WMS,ROUND UP,138,"10 Buy, 23"
WMS,ROUND UP,24,"10 Buy, 23"
WMS,ROUND UP,198,"10 Buy, 23"
WMS,ROUND UP,246,"10 Buy, 23"
WMS,FATBABY,36,"10 Buy, 23"
WMS,FATBABY,5964,"10 Buy, 23"
WMS,HERITAGE,138,"10 Buy, 23"
WMS,HERITAGE,162,"10 Buy, 23"
WMS,HERITAGE,306,"10 Buy, 23"
WMS,HERITAGE,504,"10 Buy, 23"
WMS,FATBABY,1602,"10 Buy, 23"
WMS,FATBABY,1206,"10 Buy, 23"
WMS,ROUND UP,1200,"10 Buy, 23"
WMS,ROUND UP,1170,"10 Buy, 23"
WMS,ROUND UP,90,"10 Buy, 23"
WMS,ROUND UP,2322,"10 Buy, 23"
WMS,ROUND UP,180,"10 Buy, 23"
YTH,WORKHOG,504,"11 Buy, 23"
YTH,WORKHOG,552,"11 Buy, 23"
YTH,WORKHOG,504,"11 Buy, 23"
YTH,WORKHOG,552,"11 Buy, 23"
MNS,HERITAGE,54,"11 Buy, 23"
MNS,HERITAGE,588,"11 Buy, 23"
MNS,HERITAGE,558,"11 Buy, 23"
WMS,FATBABY,204,"11 Buy, 23"
WMS,FATBABY,396,"11 Buy, 23"
WMS,HERITAGE,72,"11 Buy, 23"
WMS,HERITAGE,48,"11 Buy, 23"
WMS,HERITAGE,312,"11 Buy, 23"
WMS,HERITAGE,468,"11 Buy, 23"
YTH,FATBABY,504,"11 Buy, 23"
WMS,DARLIN,1614,"11 Buy, 23"
WMS,DARLIN,186,"11 Buy, 23"
WMS,DARLIN,2916,"11 Buy, 23"
WMS,DARLIN,288,"11 Buy, 23"
WMS,ROUND UP,336,"11 Buy, 23"
WMS,ROUND UP,162,"11 Buy, 23"
WMS,DARLIN,1704,"11 Buy, 23"
WMS,HERITAGE,300,"11 Buy, 23"
WMS,HERITAGE,1200,"11 Buy, 23"
WMS,FATBABY,2196,"11 Buy, 23"
WMS,FATBABY,600,"11 Buy, 23"
WMS,FATBABY,504,"11 Buy, 23"
YTH,ROUND UP,900,"11 Buy, 23"
WMS,FATBABY,1404,"11 Buy, 23"
WMS,FATBABY,600,"11 Buy, 23"
WMS,FATBABY,300,"11 Buy, 23"
WMS,FATBABY,24,"11 Buy, 23"
WMS,FATBABY,576,"11 Buy, 23"
YTH,FATBABY,600,"11 Buy, 23"
WMS,HERITAGE,90,"11 Buy, 23"
WMS,HERITAGE,210,"11 Buy, 23"
WMS,FATBABY,300,"11 Buy, 23"
WMS,FATBABY,300,"11 Buy, 23"
WMS,FATBABY,504,"11 Buy, 23"
WMS,FATBABY,504,"11 Buy, 23"
WMS,HERITAGE,205,"11 Buy, 23"
WMS,HERITAGE,45,"11 Buy, 23"
MNS,HERITAGE,300,"11 Buy, 23"
WMS,HERITAGE,300,"11 Buy, 23"
WMS,DARLIN,96,"11 Buy, 23"
WMS,HERITAGE,204,"11 Buy, 23"
WMS,HERITAGE,984,"11 Buy, 23"
WMS,DARLIN,402,"11 Buy, 23"
WMS,HERITAGE,288,"11 Buy, 23"
WMS,DARLIN,804,"12 Buy, 23"
WMS,HERITAGE,504,"12 Buy, 23"
WMS,HERITAGE,300,"12 Buy, 23"
WMS,FATBABY,258,"12 Buy, 23"
YTH,HERITAGE,150,"12 Buy, 23"
WMS,ROUND UP,66,"12 Buy, 23"
WMS,DARLIN,204,"12 Buy, 23"
WMS,HERITAGE,150,"12 Buy, 23"
WMS,HERITAGE,114,"12 Buy, 23"
YTH,HERITAGE,78,"12 Buy, 23"
WMS,ROUND UP,264,"12 Buy, 23"
MNS,HERITAGE,54,"12 Buy, 23"
MNS,HERITAGE,834,"12 Buy, 23"
MNS,HERITAGE,900,"12 Buy, 23"
MNS,HERITAGE,30,"12 Buy, 23"
MNS,HERITAGE,570,"12 Buy, 23"
MNS,HERITAGE,600,"12 Buy, 23"
MNS,HERITAGE,342,"12 Buy, 23"
MNS,HERITAGE,234,"12 Buy, 23"
MNS,HERITAGE,1062,"12 Buy, 23"
MNS,HERITAGE,720,"12 Buy, 23"
WMS,HERITAGE,906,"12 Buy, 23"
MNS,HERITAGE,150,"12 Buy, 23"
WMS,ROUND UP,200,"12 Buy, 23"
WMS,HERITAGE,94,"12 Buy, 23"
WMS,FATBABY,126,"12 Buy, 23"
WMS,FATBABY,1158,"12 Buy, 23"
WMS,FATBABY,36,"12 Buy, 23"
WMS,FATBABY,1428,"12 Buy, 23"
WMS,FATBABY,156,"12 Buy, 23"
WMS,FATBABY,648,"12 Buy, 23"
WMS,FATBABY,714,"12 Buy, 23"
WMS,HERITAGE,210,"12 Buy, 23"
WMS,HERITAGE,48,"12 Buy, 23"
WMS,HERITAGE,1956,"12 Buy, 23"
WMS,HERITAGE,186,"12 Buy, 23"
WMS,HERITAGE,228,"12 Buy, 23"
WMS,HERITAGE,78,"12 Buy, 23"
WMS,HERITAGE,2082,"12 Buy, 23"
WMS,HERITAGE,216,"12 Buy, 23"
WMS,HERITAGE,108,"12 Buy, 23"
WMS,HERITAGE,48,"12 Buy, 23"
WMS,HERITAGE,162,"12 Buy, 23"
WMS,HERITAGE,582,"12 Buy, 23"
WMS,HERITAGE,84,"12 Buy, 23"
YTH,HERITAGE,720,"12 Buy, 23"
YTH,HERITAGE,600,"12 Buy, 23"
WMS,HERITAGE,96,"12 Buy, 23"
WMS,HERITAGE,414,"12 Buy, 23"
WMS,HERITAGE,1806,"12 Buy, 23"
WMS,FATBABY,1194,"12 Buy, 23"
WMS,FATBABY,48,"12 Buy, 23"
YTH,WORKHOG,804,"12 Buy, 23"
YTH,FATBABY,900,"12 Buy, 23"
YTH,FATBABY,642,"12 Buy, 23"
WMS,DARLIN,3456,"12 Buy, 23"
WMS,DARLIN,546,"12 Buy, 23"
WMS,DARLIN,1224,"12 Buy, 23"
WMS,DARLIN,180,"12 Buy, 23"
WMS,ROUND UP,48,"12 Buy, 23"
WMS,ROUND UP,2310,"12 Buy, 23"
WMS,ROUND UP,402,"12 Buy, 23"
WMS,ROUND UP,42,"12 Buy, 23"
WMS,ROUND UP,24,"12 Buy, 23"
YTH,WORKHOG,504,"12 Buy, 23"
WMS,FATBABY,1404,"12 Buy, 23"
WMS,FATBABY,720,"12 Buy, 23"
WMS,HERITAGE,720,"12 Buy, 23"
WMS,HERITAGE,504,"12 Buy, 23"
WMS,HERITAGE,504,"12 Buy, 23"
WMS,FATBABY,1602,"12 Buy, 23"
WMS,FATBABY,1002,"12 Buy, 23"
YTH,WORKHOG,3606,"12 Buy, 23"
YTH,WORKHOG,1842,"12 Buy, 23"
WMS,FATBABY,8004,"12 Buy, 23"
WMS,FATBABY,4800,"12 Buy, 23"
WMS,FATBABY,2724,"12 Buy, 23"
WMS,FATBABY,1002,"12 Buy, 23"
WMS,ROUND UP,1536,"12 Buy, 23"
WMS,ROUND UP,264,"12 Buy, 23"
WMS,ROUND UP,24,"12 Buy, 23"
WMS,ROUND UP,444,"12 Buy, 23"
WMS,ROUND UP,60,"12 Buy, 23"
WMS,ROUND UP,516,"12 Buy, 23"
WMS,ROUND UP,84,"12 Buy, 23"
WMS,FATBABY,66,"12 Buy, 23"
WMS,FATBABY,438,"12 Buy, 23"
WMS,FATBABY,42,"12 Buy, 23"
YTH,ROUND UP,1200,"12 Buy, 23"
YTH,ROUND UP,1104,"12 Buy, 23"
WMS,FATBABY,2808,"12 Buy, 23"
WMS,FATBABY,1440,"12 Buy, 23"
WMS,FATBABY,462,"12 Buy, 23"
WMS,HERITAGE,366,"12 Buy, 23"
WMS,HERITAGE,138,"12 Buy, 23"
WMS,HERITAGE,90,"12 Buy, 23"
WMS,HERITAGE,630,"12 Buy, 23"
WMS,ROUND UP,72,"12 Buy, 23"
WMS,ROUND UP,432,"12 Buy, 23"
WMS,FATBABY,198,"12 Buy, 23"
WMS,FATBABY,2004,"12 Buy, 23"
WMS,HERITAGE,1284,"12 Buy, 23"
WMS,HERITAGE,318,"12 Buy, 23"
WMS,HERITAGE,360,"12 Buy, 23"
WMS,HERITAGE,1842,"12 Buy, 23"
WMS,HERITAGE,1662,"12 Buy, 23"
WMS,HERITAGE,342,"12 Buy, 23"
WMS,ROUND UP,72,"12 Buy, 23"
WMS,ROUND UP,432,"12 Buy, 23"
WMS,ROUND UP,468,"12 Buy, 23"
WMS,ROUND UP,36,"12 Buy, 23"
WMS,HERITAGE,725,"12 Buy, 23"
WMS,HERITAGE,75,"12 Buy, 23"
YTH,HERITAGE,150,"12 Buy, 23"
MNS,HERITAGE,150,"12 Buy, 23"
MNS,HERITAGE,100,"12 Buy, 23"
WMS,DARLIN,500,"12 Buy, 23"
WMS,ROUND UP,200,"12 Buy, 23"
WMS,HERITAGE,100,"12 Buy, 23"
WMS,ROUND UP,120,"12 Buy, 23"
WMS,FATBABY,100,"12 Buy, 23"
WMS,HERITAGE,100,"12 Buy, 23"
WMS,HERITAGE,120,"12 Buy, 23"
WMS,HERITAGE,110,"12 Buy, 23"
WMS,ROUND UP,400,"12 Buy, 23"
WMS,ROUND UP,100,"12 Buy, 23"
