Size,Style,Qty
YTH,HERITAGE,395
YTH,DARLIN,407
MNS,DARLIN,388
MNS,FATBABY,370
MNS,WORKHOG,382
YTH,HERITAGE,395
MNS,WORKHOG,382
YTH,DARLIN,407
YTH,WORKHOG,401
WMS,ROUND UP,434
MNS,ROUND UP,394
YTH,WORKHOG,401
WMS,FATBABY,408
YTH,FATBABY,389
WMS,DARLIN,427
WMS,ROUND UP,434
MNS,ROUND UP,394
MNS,DARLIN,388
YTH,WORKHOG,401
MNS,HERITAGE,376
YTH,ROUND UP,414
WMS,FATBABY,408
WMS,DARLIN,427
MNS,HERITAGE,376
MNS,WORKHOG,382
WMS,HERITAGE,414
MNS,DARLIN,388
MNS,WORKHOG,382
WMS,DARLIN,427
WMS,ROUND UP,434
YTH,DARLIN,407
YTH,FATBABY,389
WMS,HERITAGE,414
WMS,WORKHOG,421
MNS,FATBABY,370
MNS,DARLIN,388
WMS,WORKHOG,421
WMS,HERITAGE,414
YTH,HERITAGE,395
WMS,FATBABY,408
YTH,ROUND UP,414
YTH,HERITAGE,395
YTH,DARLIN,407
YTH,DARLIN,407
WMS,FATBABY,408
MNS,ROUND UP,394
YTH,ROUND UP,414
YTH,FATBABY,389
WMS,FATBABY,408
WMS,HERITAGE,414
YTH,WORKHOG,401
MNS,HERITAGE,376
MNS,WORKHOG,382
YTH,FATBABY,389
YTH,WORKHOG,401
YTH,FATBABY,389
MNS,HERITAGE,376
YTH,DARLIN,407
MNS,HERITAGE,376
WMS,WORKHOG,421
MNS,FATBABY,370
WMS,WORKHOG,421
WMS,FATBABY,408
MNS,DARLIN,388
WMS,ROUND UP,434
YTH,HERITAGE,395
YTH,ROUND UP,414
YTH,ROUND UP,414
WMS,HERITAGE,414
MNS,HERITAGE,376
WMS,HERITAGE,414
MNS,ROUND UP,394
WMS,HERITAGE,414
WMS,ROUND UP,434
MNS,HERITAGE,376
YTH,DARLIN,407
MNS,ROUND UP,394
YTH,FATBABY,389
WMS,FATBABY,408
MNS,FATBABY,370
YTH,HERITAGE,395
MNS,DARLIN,388
YTH,WORKHOG,401
YTH,WORKHOG,401
WMS,HERITAGE,414
MNS,DARLIN,388
MNS,WORKHOG,382
MNS,FATBABY,370
WMS,FATBABY,408
MNS,WORKHOG,382
MNS,ROUND UP,394
WMS,FATBABY,408
YTH,DARLIN,407
WMS,FATBABY,408
YTH,ROUND UP,414
YTH,DARLIN,407
MNS,ROUND UP,394
YTH,ROUND UP,414
YTH,HERITAGE,395
WMS,DARLIN,427
WMS,FATBABY,408
WMS,FATBABY,408
WMS,ROUND UP,434
WMS,HERITAGE,414
WMS,WORKHOG,421
YTH,FATBABY,389
YTH,WORKHOG,401
YTH,FATBABY,389
MNS,WORKHOG,382
YTH,HERITAGE,395
YTH,WORKHOG,401
MNS,FATBABY,370
WMS,HERITAGE,414
WMS,FATBABY,408
WMS,FATBABY,408
MNS,DARLIN,388
WMS,HERITAGE,414
WMS,ROUND UP,434
WMS,DARLIN,427
MNS,HERITAGE,376
MNS,WORKHOG,382
YTH,WORKHOG,401
MNS,ROUND UP,394
WMS,ROUND UP,434
YTH,WORKHOG,401
MNS,DARLIN,388
WMS,FATBABY,408
YTH,DARLIN,407
YTH,FATBABY,389
MNS,FATBABY,370
YTH,FATBABY,389
YTH,ROUND UP,414
YTH,WORKHOG,401
WMS,DARLIN,427
WMS,ROUND UP,434
YTH,ROUND UP,414
MNS,DARLIN,388
YTH,WORKHOG,401
MNS,WORKHOG,382
MNS,FATBABY,370
MNS,HERITAGE,376
WMS,WORKHOG,421
WMS,WORKHOG,421
WMS,FATBABY,408
WMS,DARLIN,427
MNS,HERITAGE,376
WMS,DARLIN,427
MNS,FATBABY,370
WMS,HERITAGE,414
MNS,HERITAGE,376
YTH,WORKHOG,401
MNS,ROUND UP,394
WMS,WORKHOG,421
YTH,FATBABY,389
MNS,WORKHOG,382
YTH,HERITAGE,395
WMS,FATBABY,408
YTH,WORKHOG,401
YTH,WORKHOG,401
WMS,FATBABY,408
YTH,FATBABY,389
YTH,DARLIN,407
YTH,ROUND UP,414
YTH,ROUND UP,414
WMS,FATBABY,408
WMS,HERITAGE,414
WMS,ROUND UP,434
YTH,HERITAGE,395
YTH,WORKHOG,401
WMS,FATBABY,408
YTH,FATBABY,389
MNS,FATBABY,370
YTH,HERITAGE,395
MNS,FATBABY,370
YTH,ROUND UP,414
MNS,FATBABY,370
YTH,WORKHOG,401
MNS,HERITAGE,376
WMS,DARLIN,427
WMS,FATBABY,408
YTH,HERITAGE,395
MNS,WORKHOG,382
YTH,WORKHOG,401
YTH,HERITAGE,395
WMS,ROUND UP,434
YTH,DARLIN,407
MNS,WORKHOG,382
YTH,ROUND UP,414
MNS,ROUND UP,394
WMS,HERITAGE,414
MNS,WORKHOG,382
WMS,ROUND UP,434
WMS,ROUND UP,434
YTH,FATBABY,389
YTH,HERITAGE,395
MNS,FATBABY,370
WMS,HERITAGE,414
MNS,FATBABY,370
YTH,WORKHOG,401
MNS,HERITAGE,376
MNS,ROUND UP,394
WMS,HERITAGE,414
WMS,ROUND UP,434
WMS,ROUND UP,434
WMS,ROUND UP,434
YTH,HERITAGE,395
WMS,HERITAGE,414
MNS,WORKHOG,382
YTH,WORKHOG,401
YTH,WORKHOG,401
YTH,DARLIN,407
MNS,HERITAGE,376
MNS,FATBABY,370
WMS,ROUND UP,434
MNS,WORKHOG,382
YTH,ROUND UP,414
MNS,ROUND UP,394
WMS,WORKHOG,421
WMS,HERITAGE,414
YTH,FATBABY,389
WMS,HERITAGE,414
YTH,DARLIN,407
WMS,HERITAGE,414
YTH,WORKHOG,401
YTH,WORKHOG,401
YTH,FATBABY,389
YTH,FATBABY,389
MNS,HERITAGE,376
MNS,WORKHOG,382
MNS,FATBABY,370
YTH,HERITAGE,395
WMS,WORKHOG,421
YTH,WORKHOG,401
WMS,DARLIN,427
YTH,FATBABY,389
YTH,DARLIN,407
YTH,WORKHOG,401
YTH,WORKHOG,401
YTH,FATBABY,389
YTH,DARLIN,407
WMS,WORKHOG,421
YTH,ROUND UP,414
MNS,FATBABY,370
WMS,DARLIN,427
MNS,ROUND UP,394
WMS,FATBABY,408
YTH,FATBABY,389
MNS,ROUND UP,394
WMS,WORKHOG,421
WMS,WORKHOG,421
YTH,ROUND UP,414
MNS,WORKHOG,382
MNS,ROUND UP,394
MNS,WORKHOG,382
YTH,DARLIN,407
MNS,DARLIN,388
MNS,WORKHOG,382
WMS,WORKHOG,421
MNS,WORKHOG,382
YTH,HERITAGE,395
MNS,FATBABY,370
YTH,HERITAGE,395
MNS,DARLIN,388
WMS,FATBABY,408
YTH,FATBABY,389
WMS,HERITAGE,414
WMS,FATBABY,408
WMS,WORKHOG,421
WMS,DARLIN,427
YTH,DARLIN,407
WMS,HERITAGE,414
WMS,FATBABY,408
MNS,DARLIN,388
MNS,WORKHOG,382
WMS,DARLIN,427
YTH,WORKHOG,401
YTH,DARLIN,407
MNS,FATBABY,370
YTH,WORKHOG,401
MNS,WORKHOG,382
WMS,FATBABY,408
MNS,WORKHOG,382
WMS,HERITAGE,414
YTH,HERITAGE,395
MNS,DARLIN,388
YTH,DARLIN,407
WMS,ROUND UP,434
MNS,DARLIN,388
YTH,DARLIN,407
WMS,WORKHOG,421
WMS,FATBABY,408
WMS,HERITAGE,414
MNS,HERITAGE,376
MNS,DARLIN,388
YTH,WORKHOG,401
WMS,FATBABY,408
YTH,ROUND UP,414
WMS,DARLIN,427
WMS,HERITAGE,414
MNS,DARLIN,388
WMS,FATBABY,408
WMS,DARLIN,427
WMS,HERITAGE,414
WMS,DARLIN,427
YTH,DARLIN,407
YTH,DARLIN,407
WMS,HERITAGE,414
WMS,FATBABY,408
YTH,DARLIN,407
WMS,FATBABY,408
WMS,DARLIN,427
MNS,ROUND UP,394
MNS,HERITAGE,376
WMS,FATBABY,408
YTH,ROUND UP,414
WMS,HERITAGE,414
YTH,WORKHOG,401
WMS,FATBABY,408
WMS,ROUND UP,434
YTH,FATBABY,389
YTH,FATBABY,389
MNS,DARLIN,388
YTH,DARLIN,407
MNS,DARLIN,388
WMS,WORKHOG,421
MNS,DARLIN,388
MNS,DARLIN,388
YTH,ROUND UP,414
MNS,HERITAGE,376
WMS,DARLIN,427
MNS,HERITAGE,376
YTH,DARLIN,407
MNS,DARLIN,388
WMS,HERITAGE,414
MNS,FATBABY,370
MNS,ROUND UP,394
MNS,ROUND UP,394
YTH,HERITAGE,395
MNS,HERITAGE,376
MNS,HERITAGE,376
MNS,ROUND UP,394
YTH,DARLIN,407
WMS,DARLIN,427
WMS,ROUND UP,434
WMS,DARLIN,427
YTH,HERITAGE,395
YTH,FATBABY,389
MNS,FATBABY,370
MNS,HERITAGE,376
WMS,ROUND UP,434
WMS,HERITAGE,414
YTH,HERITAGE,395
YTH,HERITAGE,395
YTH,HERITAGE,395
WMS,FATBABY,408
YTH,ROUND UP,414
WMS,FATBABY,408
WMS,WORKHOG,421
YTH,DARLIN,407
MNS,WORKHOG,382
MNS,FATBABY,370
WMS,DARLIN,427
WMS,HERITAGE,414
MNS,DARLIN,388
WMS,ROUND UP,434
MNS,DARLIN,388
YTH,HERITAGE,395
MNS,HERITAGE,376
YTH,WORKHOG,401
WMS,HERITAGE,414
YTH,FATBABY,389
YTH,DARLIN,407
MNS,ROUND UP,394
MNS,WORKHOG,382
WMS,DARLIN,427
MNS,ROUND UP,394
MNS,HERITAGE,376
WMS,DARLIN,427
MNS,DARLIN,388
YTH,FATBABY,389
MNS,WORKHOG,382
WMS,ROUND UP,434
YTH,DARLIN,407
MNS,FATBABY,370
MNS,HERITAGE,376
WMS,DARLIN,427
MNS,ROUND UP,394
MNS,HERITAGE,376
MNS,DARLIN,388
WMS,DARLIN,427
YTH,DARLIN,407
YTH,ROUND UP,414
YTH,WORKHOG,401
MNS,ROUND UP,394
MNS,HERITAGE,376
WMS,DARLIN,427
YTH,DARLIN,407
MNS,HERITAGE,376
MNS,WORKHOG,382
MNS,WORKHOG,382
MNS,FATBABY,370
YTH,DARLIN,407
WMS,WORKHOG,421
MNS,WORKHOG,382
MNS,DARLIN,388
MNS,DARLIN,388
WMS,DARLIN,427
YTH,WORKHOG,401
WMS,WORKHOG,421
WMS,ROUND UP,434
MNS,HERITAGE,376
YTH,HERITAGE,395
WMS,ROUND UP,434
WMS,DARLIN,427
MNS,FATBABY,370
WMS,HERITAGE,414
WMS,WORKHOG,421
WMS,ROUND UP,434
MNS,ROUND UP,394
WMS,ROUND UP,434
WMS,DARLIN,427
MNS,ROUND UP,394
YTH,WORKHOG,401
MNS,ROUND UP,394
YTH,ROUND UP,414
MNS,HERITAGE,376
YTH,FATBABY,389
WMS,FATBABY,408
WMS,FATBABY,408
MNS,WORKHOG,382
WMS,ROUND UP,434
YTH,WORKHOG,401
WMS,DARLIN,427
YTH,DARLIN,407
WMS,WORKHOG,421
WMS,DARLIN,427
WMS,HERITAGE,414
MNS,DARLIN,388
YTH,DARLIN,407
YTH,ROUND UP,414
YTH,ROUND UP,414
YTH,ROUND UP,414
WMS,WORKHOG,421
WMS,ROUND UP,434
WMS,WORKHOG,421
YTH,ROUND UP,414
YTH,ROUND UP,414
MNS,ROUND UP,394
WMS,HERITAGE,414
WMS,ROUND UP,434
YTH,ROUND UP,414
WMS,DARLIN,427
WMS,HERITAGE,414
YTH,HERITAGE,395
WMS,FATBABY,408
WMS,DARLIN,427
WMS,HERITAGE,414
WMS,ROUND UP,434
MNS,WORKHOG,382
YTH,DARLIN,407
MNS,ROUND UP,394
YTH,FATBABY,389
MNS,DARLIN,388
YTH,WORKHOG,401
WMS,WORKHOG,421
YTH,FATBABY,389
YTH,FATBABY,389
WMS,FATBABY,408
MNS,ROUND UP,394
YTH,HERITAGE,395
MNS,WORKHOG,382
MNS,HERITAGE,376
MNS,DARLIN,388
MNS,WORKHOG,382
MNS,HERITAGE,376
YTH,FATBABY,389
MNS,HERITAGE,376
YTH,DARLIN,407
YTH,DARLIN,407
MNS,ROUND UP,394
WMS,FATBABY,408
MNS,WORKHOG,382
MNS,WORKHOG,382
YTH,HERITAGE,395
WMS,WORKHOG,421
WMS,WORKHOG,421
WMS,HERITAGE,414
WMS,HERITAGE,414
MNS,FATBABY,370
YTH,HERITAGE,395
MNS,HERITAGE,376
YTH,ROUND UP,414
WMS,ROUND UP,434
YTH,FATBABY,389
YTH,ROUND UP,414
MNS,FATBABY,370
YTH,FATBABY,389
MNS,HERITAGE,376
WMS,ROUND UP,434
WMS,ROUND UP,434
MNS,ROUND UP,394
MNS,DARLIN,388
YTH,ROUND UP,414
YTH,ROUND UP,414
MNS,HERITAGE,376
YTH,WORKHOG,401
WMS,WORKHOG,421
MNS,DARLIN,388
WMS,WORKHOG,421
MNS,WORKHOG,382
MNS,WORKHOG,382
WMS,FATBABY,408
WMS,WORKHOG,421
WMS,ROUND UP,434
MNS,FATBABY,370
WMS,FATBABY,408
YTH,DARLIN,407
YTH,DARLIN,407
MNS,FATBABY,370
YTH,HERITAGE,395
WMS,WORKHOG,421
MNS,HERITAGE,376
YTH,WORKHOG,401
MNS,WORKHOG,382
WMS,HERITAGE,414
WMS,DARLIN,427
WMS,HERITAGE,414
MNS,ROUND UP,394
WMS,ROUND UP,434
WMS,HERITAGE,414
WMS,ROUND UP,434
WMS,DARLIN,427
WMS,ROUND UP,434
WMS,ROUND UP,434
WMS,HERITAGE,414
WMS,DARLIN,427
MNS,DARLIN,388
MNS,ROUND UP,394
WMS,FATBABY,408
YTH,DARLIN,407
MNS,HERITAGE,376
YTH,ROUND UP,414
MNS,DARLIN,388
YTH,ROUND UP,414
MNS,ROUND UP,394
YTH,ROUND UP,414
WMS,WORKHOG,421
MNS,WORKHOG,382
YTH,DARLIN,407
YTH,DARLIN,407
YTH,FATBABY,389
WMS,DARLIN,427
YTH,HERITAGE,395
YTH,DARLIN,407
YTH,WORKHOG,401
MNS,ROUND UP,394
WMS,WORKHOG,421
MNS,WORKHOG,382
YTH,ROUND UP,414
YTH,FATBABY,389
WMS,DARLIN,427
MNS,HERITAGE,376
MNS,FATBABY,370
YTH,WORKHOG,401
MNS,ROUND UP,394
MNS,DARLIN,388
WMS,DARLIN,427
WMS,FATBABY,408
YTH,WORKHOG,401
YTH,DARLIN,407
YTH,ROUND UP,414
WMS,HERITAGE,414
MNS,WORKHOG,382
YTH,ROUND UP,414
YTH,HERITAGE,395
YTH,FATBABY,389
WMS,WORKHOG,421
WMS,ROUND UP,434
YTH,WORKHOG,401
WMS,HERITAGE,414
MNS,WORKHOG,382
MNS,ROUND UP,394
YTH,FATBABY,389
WMS,WORKHOG,421
MNS,FATBABY,370
YTH,DARLIN,407
WMS,WORKHOG,421
YTH,HERITAGE,395
MNS,ROUND UP,394
MNS,DARLIN,388
MNS,DARLIN,388
MNS,ROUND UP,394
WMS,FATBABY,408
MNS,FATBABY,370
YTH,ROUND UP,414
MNS,DARLIN,388
MNS,HERITAGE,376
WMS,DARLIN,427
YTH,DARLIN,407
MNS,HERITAGE,376
MNS,WORKHOG,382
YTH,ROUND UP,414
MNS,DARLIN,388
YTH,ROUND UP,414
WMS,HERITAGE,414
YTH,ROUND UP,414
YTH,FATBABY,389
WMS,DARLIN,427
YTH,ROUND UP,414
YTH,HERITAGE,395
MNS,DARLIN,388
YTH,DARLIN,407
YTH,ROUND UP,414
MNS,DARLIN,388
YTH,ROUND UP,414
YTH,WORKHOG,401
MNS,WORKHOG,382
YTH,FATBABY,389
WMS,FATBABY,408
YTH,ROUND UP,414
MNS,HERITAGE,376
YTH,FATBABY,389
YTH,DARLIN,407
WMS,FATBABY,408
WMS,WORKHOG,421
MNS,DARLIN,388
MNS,FATBABY,370
MNS,HERITAGE,376
WMS,ROUND UP,434
YTH,WORKHOG,401
WMS,FATBABY,408
YTH,FATBABY,389
WMS,HERITAGE,414
YTH,ROUND UP,414
WMS,DARLIN,427
YTH,DARLIN,407
MNS,HERITAGE,376
WMS,HERITAGE,414
MNS,ROUND UP,394
MNS,WORKHOG,382
YTH,ROUND UP,414
MNS,FATBABY,370
WMS,HERITAGE,414
WMS,HERITAGE,414
YTH,DARLIN,407
YTH,HERITAGE,395
WMS,DARLIN,427
YTH,DARLIN,407
YTH,HERITAGE,395
WMS,WORKHOG,421
WMS,FATBABY,408
MNS,ROUND UP,394
WMS,WORKHOG,421
WMS,HERITAGE,414
WMS,DARLIN,427
WMS,DARLIN,427
YTH,WORKHOG,401
MNS,FATBABY,370
YTH,WORKHOG,401
WMS,WORKHOG,421
YTH,DARLIN,407
MNS,ROUND UP,394
MNS,WORKHOG,382
MNS,FATBABY,370
YTH,WORKHOG,401
WMS,ROUND UP,434
WMS,HERITAGE,414
MNS,FATBABY,370
YTH,WORKHOG,401
WMS,ROUND UP,434
WMS,ROUND UP,434
YTH,FATBABY,389
MNS,HERITAGE,376
MNS,DARLIN,388
YTH,WORKHOG,401
WMS,DARLIN,427
WMS,FATBABY,408
YTH,HERITAGE,395
MNS,FATBABY,370
WMS,ROUND UP,434
WMS,FATBABY,408
YTH,DARLIN,407
YTH,DARLIN,407
MNS,ROUND UP,394
WMS,FATBABY,408
WMS,FATBABY,408
YTH,WORKHOG,401
MNS,DARLIN,388
MNS,FATBABY,370
YTH,FATBABY,389
MNS,HERITAGE,376
WMS,DARLIN,427
MNS,FATBABY,370
MNS,ROUND UP,394
YTH,ROUND UP,414
YTH,HERITAGE,395
MNS,FATBABY,370
MNS,ROUND UP,394
YTH,WORKHOG,401
WMS,FATBABY,408
YTH,HERITAGE,395
MNS,DARLIN,388
MNS,FATBABY,370
MNS,FATBABY,370
MNS,WORKHOG,382
YTH,ROUND UP,414
WMS,ROUND UP,434
YTH,ROUND UP,414
MNS,FATBABY,370
WMS,FATBABY,408
MNS,DARLIN,388
MNS,FATBABY,370
WMS,DARLIN,427
YTH,DARLIN,407
YTH,WORKHOG,401
YTH,ROUND UP,414
YTH,DARLIN,407
YTH,DARLIN,407
MNS,DARLIN,388
WMS,HERITAGE,414
MNS,DARLIN,388
YTH,ROUND UP,414
YTH,DARLIN,407
MNS,WORKHOG,382
MNS,ROUND UP,394
MNS,DARLIN,388
MNS,WORKHOG,382
MNS,DARLIN,388
WMS,HERITAGE,414
MNS,DARLIN,388
MNS,DARLIN,388
WMS,FATBABY,408
WMS,FATBABY,408
YTH,WORKHOG,401
WMS,WORKHOG,421
MNS,ROUND UP,394
YTH,ROUND UP,414
WMS,WORKHOG,421
WMS,DARLIN,427
WMS,FATBABY,408
YTH,FATBABY,389
MNS,ROUND UP,394
WMS,HERITAGE,414
YTH,FATBABY,389
YTH,ROUND UP,414
WMS,DARLIN,427
YTH,WORKHOG,401
WMS,ROUND UP,434
WMS,ROUND UP,434
WMS,DARLIN,427
YTH,HERITAGE,395
MNS,HERITAGE,376
WMS,FATBABY,408
MNS,ROUND UP,394
WMS,HERITAGE,414
WMS,WORKHOG,421
WMS,FATBABY,408
YTH,WORKHOG,401
MNS,DARLIN,388
WMS,FATBABY,408
YTH,WORKHOG,401
MNS,HERITAGE,376
WMS,FATBABY,408
MNS,ROUND UP,394
MNS,WORKHOG,382
WMS,FATBABY,408
YTH,DARLIN,407
YTH,HERITAGE,395
YTH,DARLIN,407
MNS,WORKHOG,382
MNS,DARLIN,388
MNS,ROUND UP,394
YTH,FATBABY,389
MNS,HERITAGE,376
YTH,HERITAGE,395
MNS,DARLIN,388
WMS,WORKHOG,421
MNS,ROUND UP,394
WMS,ROUND UP,434
MNS,HERITAGE,376
MNS,HERITAGE,376
MNS,ROUND UP,394
YTH,HERITAGE,395
YTH,DARLIN,407
MNS,WORKHOG,382
YTH,HERITAGE,395
WMS,WORKHOG,421
MNS,WORKHOG,382
MNS,DARLIN,388
MNS,WORKHOG,382
YTH,FATBABY,389
YTH,HERITAGE,395
MNS,FATBABY,370
YTH,WORKHOG,401
YTH,ROUND UP,414
MNS,FATBABY,370
MNS,HERITAGE,376
MNS,DARLIN,388
YTH,DARLIN,407
WMS,ROUND UP,434
MNS,WORKHOG,382
YTH,WORKHOG,401
MNS,FATBABY,370
MNS,ROUND UP,394
MNS,FATBABY,370
YTH,DARLIN,407
MNS,HERITAGE,376
WMS,ROUND UP,434
WMS,WORKHOG,421
WMS,ROUND UP,434
YTH,DARLIN,407
MNS,WORKHOG,382
MNS,WORKHOG,382
MNS,FATBABY,370
WMS,WORKHOG,421
MNS,FATBABY,370
MNS,FATBABY,370
YTH,WORKHOG,401
YTH,DARLIN,407
WMS,HERITAGE,414
WMS,HERITAGE,414
WMS,HERITAGE,414
WMS,WORKHOG,421
WMS,FATBABY,408
WMS,FATBABY,408
YTH,WORKHOG,401
MNS,ROUND UP,394
WMS,WORKHOG,421
YTH,DARLIN,407
YTH,HERITAGE,395
WMS,FATBABY,408
MNS,WORKHOG,382
MNS,WORKHOG,382
MNS,HERITAGE,376
MNS,WORKHOG,382
MNS,WORKHOG,382
WMS,HERITAGE,414
YTH,ROUND UP,414
YTH,FATBABY,389
MNS,WORKHOG,382
MNS,FATBABY,370
YTH,HERITAGE,395
WMS,DARLIN,427
MNS,WORKHOG,382
YTH,FATBABY,389
YTH,FATBABY,389
WMS,HERITAGE,414
YTH,FATBABY,389
WMS,ROUND UP,434
WMS,WORKHOG,421
MNS,HERITAGE,376
WMS,DARLIN,427
MNS,FATBABY,370
WMS,WORKHOG,421
WMS,FATBABY,408
MNS,HERITAGE,376
YTH,FATBABY,389
YTH,ROUND UP,414
YTH,ROUND UP,414
MNS,WORKHOG,382
WMS,ROUND UP,434
MNS,DARLIN,388
MNS,HERITAGE,376
MNS,ROUND UP,394
WMS,ROUND UP,434
MNS,ROUND UP,394
WMS,HERITAGE,414
YTH,WORKHOG,401
YTH,ROUND UP,414
MNS,ROUND UP,394
WMS,ROUND UP,434
WMS,HERITAGE,414
WMS,ROUND UP,434
WMS,DARLIN,427
WMS,ROUND UP,434
YTH,FATBABY,389
YTH,HERITAGE,395
WMS,WORKHOG,421
MNS,HERITAGE,376
YTH,WORKHOG,401
MNS,HERITAGE,376
MNS,ROUND UP,394
MNS,FATBABY,370
YTH,ROUND UP,414
YTH,DARLIN,407
WMS,FATBABY,408
YTH,WORKHOG,401
MNS,FATBABY,370
WMS,HERITAGE,414
YTH,ROUND UP,414
WMS,WORKHOG,421
YTH,WORKHOG,401
MNS,ROUND UP,394
YTH,WORKHOG,401
WMS,DARLIN,427
YTH,ROUND UP,414
WMS,FATBABY,408
WMS,ROUND UP,434
MNS,DARLIN,388
YTH,DARLIN,407
WMS,ROUND UP,434
WMS,HERITAGE,414
MNS,WORKHOG,382
MNS,ROUND UP,394
MNS,ROUND UP,394
MNS,HERITAGE,376
YTH,DARLIN,407
WMS,HERITAGE,414
YTH,FATBABY,389
YTH,HERITAGE,395
MNS,WORKHOG,382
MNS,FATBABY,370
YTH,WORKHOG,401
MNS,HERITAGE,376
MNS,DARLIN,388
WMS,WORKHOG,421
MNS,ROUND UP,394
YTH,WORKHOG,401
WMS,HERITAGE,414
YTH,HERITAGE,395
YTH,HERITAGE,395
MNS,DARLIN,388
WMS,ROUND UP,434
WMS,WORKHOG,421
WMS,DARLIN,427
MNS,ROUND UP,394
WMS,ROUND UP,434
MNS,DARLIN,388
WMS,WORKHOG,421
YTH,DARLIN,407
YTH,DARLIN,407
MNS,HERITAGE,376
MNS,DARLIN,388
MNS,ROUND UP,394
YTH,DARLIN,407
WMS,FATBABY,408
WMS,ROUND UP,434
YTH,ROUND UP,414
YTH,ROUND UP,414
WMS,HERITAGE,414
WMS,HERITAGE,414
MNS,FATBABY,370
WMS,WORKHOG,421
MNS,ROUND UP,394
WMS,WORKHOG,421
WMS,FATBABY,408
YTH,HERITAGE,395
MNS,HERITAGE,376
WMS,HERITAGE,414
WMS,WORKHOG,421
YTH,WORKHOG,401
WMS,FATBABY,408
MNS,HERITAGE,376
YTH,DARLIN,407
WMS,ROUND UP,434
YTH,FATBABY,389
YTH,WORKHOG,401
WMS,ROUND UP,434
YTH,WORKHOG,401
MNS,ROUND UP,394
WMS,ROUND UP,434
WMS,ROUND UP,434
WMS,DARLIN,427
YTH,FATBABY,389
WMS,DARLIN,427
WMS,HERITAGE,414
MNS,ROUND UP,394
WMS,WORKHOG,421
MNS,HERITAGE,376
WMS,FATBABY,408
YTH,WORKHOG,401
MNS,HERITAGE,376
MNS,WORKHOG,382
WMS,HERITAGE,414
YTH,HERITAGE,395
MNS,WORKHOG,382
WMS,DARLIN,427
MNS,DARLIN,388
MNS,HERITAGE,376
YTH,ROUND UP,414
WMS,HERITAGE,414
MNS,FATBABY,370
WMS,FATBABY,408
MNS,ROUND UP,394
YTH,DARLIN,407
YTH,HERITAGE,395
YTH,HERITAGE,395
MNS,HERITAGE,376
MNS,DARLIN,388
YTH,ROUND UP,414
MNS,DARLIN,388
WMS,WORKHOG,421
WMS,WORKHOG,421
YTH,HERITAGE,395
WMS,DARLIN,427
YTH,WORKHOG,401
MNS,HERITAGE,376
WMS,HERITAGE,414
YTH,ROUND UP,414
WMS,FATBABY,408
MNS,ROUND UP,394
YTH,HERITAGE,395
MNS,HERITAGE,376
YTH,DARLIN,407
YTH,HERITAGE,395
WMS,DARLIN,427
WMS,HERITAGE,414
MNS,WORKHOG,382
WMS,FATBABY,408
YTH,WORKHOG,401
YTH,FATBABY,389
WMS,ROUND UP,434
MNS,WORKHOG,382
MNS,HERITAGE,376
YTH,ROUND UP,414
MNS,ROUND UP,394
MNS,DARLIN,388
YTH,HERITAGE,395
MNS,FATBABY,370
WMS,ROUND UP,434
WMS,HERITAGE,414
YTH,HERITAGE,395
WMS,WORKHOG,421
YTH,ROUND UP,414
YTH,HERITAGE,395
YTH,DARLIN,407
WMS,ROUND UP,434
YTH,WORKHOG,401
YTH,ROUND UP,414
MNS,FATBABY,370
WMS,FATBABY,408
MNS,HERITAGE,376
MNS,HERITAGE,376
WMS,FATBABY,408
WMS,FATBABY,408
WMS,DARLIN,427
MNS,DARLIN,388
WMS,WORKHOG,421
MNS,FATBABY,370
YTH,ROUND UP,414
YTH,DARLIN,407
MNS,DARLIN,388
WMS,DARLIN,427
YTH,HERITAGE,395
WMS,ROUND UP,434
WMS,ROUND UP,434
YTH,WORKHOG,401
YTH,FATBABY,389
WMS,HERITAGE,414
WMS,HERITAGE,414
MNS,HERITAGE,376
MNS,FATBABY,370
MNS,DARLIN,388
YTH,ROUND UP,414
WMS,WORKHOG,421
WMS,ROUND UP,434
YTH,HERITAGE,395
YTH,FATBABY,389
YTH,DARLIN,407
YTH,HERITAGE,395
WMS,DARLIN,427
MNS,ROUND UP,394
YTH,WORKHOG,401
WMS,DARLIN,427
YTH,HERITAGE,395
WMS,HERITAGE,414
WMS,HERITAGE,414
WMS,FATBABY,408
YTH,WORKHOG,401
YTH,DARLIN,407
MNS,ROUND UP,394
MNS,HERITAGE,376
WMS,HERITAGE,414
MNS,DARLIN,388
MNS,DARLIN,388
WMS,DARLIN,427
MNS,HERITAGE,376
WMS,ROUND UP,434
MNS,FATBABY,370
WMS,WORKHOG,421
YTH,HERITAGE,395
WMS,FATBABY,408
WMS,HERITAGE,414
MNS,ROUND UP,394
MNS,FATBABY,370
YTH,HERITAGE,395
YTH,ROUND UP,414
YTH,WORKHOG,401
YTH,HERITAGE,395
MNS,ROUND UP,394
MNS,ROUND UP,394
YTH,ROUND UP,414
YTH,HERITAGE,395
YTH,DARLIN,407
WMS,WORKHOG,421
WMS,HERITAGE,414
YTH,ROUND UP,414
MNS,DARLIN,388
YTH,DARLIN,407
WMS,FATBABY,408
WMS,HERITAGE,414
MNS,DARLIN,388
WMS,FATBABY,408
YTH,HERITAGE,395
MNS,ROUND UP,394
MNS,ROUND UP,394
YTH,WORKHOG,401
YTH,WORKHOG,401
WMS,HERITAGE,414
WMS,FATBABY,408
YTH,DARLIN,407
YTH,ROUND UP,414
MNS,WORKHOG,382
MNS,WORKHOG,382
YTH,ROUND UP,414
MNS,FATBABY,370
WMS,DARLIN,427
YTH,HERITAGE,395
MNS,ROUND UP,394
WMS,FATBABY,408
MNS,ROUND UP,394
MNS,HERITAGE,376
MNS,ROUND UP,394
YTH,WORKHOG,401
MNS,ROUND UP,394
YTH,FATBABY,389
MNS,WORKHOG,382
YTH,HERITAGE,395
YTH,DARLIN,407
YTH,WORKHOG,401
WMS,HERITAGE,414
MNS,HERITAGE,376
MNS,ROUND UP,394
MNS,FATBABY,370
YTH,WORKHOG,401
YTH,FATBABY,389
YTH,DARLIN,407
WMS,ROUND UP,434
WMS,HERITAGE,414
MNS,HERITAGE,376
WMS,FATBABY,408
MNS,WORKHOG,382
YTH,ROUND UP,414
WMS,DARLIN,427
WMS,DARLIN,427
YTH,DARLIN,407
MNS,FATBABY,370
WMS,FATBABY,408
MNS,WORKHOG,382
WMS,DARLIN,427
MNS,ROUND UP,394
WMS,FATBABY,408
YTH,DARLIN,407
WMS,DARLIN,427
WMS,FATBABY,408
MNS,FATBABY,370
YTH,WORKHOG,401
YTH,ROUND UP,414
WMS,HERITAGE,414
MNS,ROUND UP,394
YTH,FATBABY,389
YTH,WORKHOG,401
MNS,HERITAGE,376
YTH,HERITAGE,395
WMS,FATBABY,408
MNS,HERITAGE,376
YTH,HERITAGE,395
YTH,HERITAGE,395
YTH,FATBABY,389
WMS,WORKHOG,421
YTH,WORKHOG,401
WMS,HERITAGE,414
WMS,ROUND UP,434
YTH,WORKHOG,401
YTH,WORKHOG,401
WMS,DARLIN,427
MNS,WORKHOG,382
YTH,ROUND UP,414
MNS,WORKHOG,382
YTH,FATBABY,389
YTH,WORKHOG,401
YTH,DARLIN,407
WMS,ROUND UP,434
MNS,DARLIN,388
MNS,WORKHOG,382
WMS,ROUND UP,434
MNS,FATBABY,370
MNS,HERITAGE,376
YTH,FATBABY,389
MNS,FATBABY,370
YTH,DARLIN,407
YTH,WORKHOG,401
YTH,WORKHOG,401
MNS,DARLIN,388
MNS,HERITAGE,376
YTH,WORKHOG,401
WMS,HERITAGE,414
YTH,ROUND UP,414
MNS,WORKHOG,382
MNS,HERITAGE,376
WMS,ROUND UP,434
YTH,HERITAGE,395
WMS,ROUND UP,434
MNS,ROUND UP,394
YTH,DARLIN,407
WMS,HERITAGE,414
WMS,ROUND UP,434
YTH,DARLIN,407
WMS,FATBABY,408
MNS,HERITAGE,376
MNS,DARLIN,388
YTH,WORKHOG,401
YTH,HERITAGE,395
WMS,FATBABY,408
WMS,HERITAGE,414
YTH,ROUND UP,414
YTH,WORKHOG,401
YTH,WORKHOG,401
WMS,ROUND UP,434
YTH,WORKHOG,401
MNS,FATBABY,370
MNS,DARLIN,388
WMS,HERITAGE,414
WMS,FATBABY,408
MNS,HERITAGE,376
MNS,HERITAGE,376
YTH,ROUND UP,414
YTH,ROUND UP,414
WMS,WORKHOG,421
WMS,HERITAGE,414
MNS,DARLIN,388
YTH,DARLIN,407
WMS,FATBABY,408
YTH,HERITAGE,395
MNS,WORKHOG,382
YTH,ROUND UP,414
WMS,ROUND UP,434
YTH,FATBABY,389
MNS,HERITAGE,376
WMS,HERITAGE,414
WMS,ROUND UP,434
WMS,FATBABY,408
YTH,WORKHOG,401
MNS,DARLIN,388
YTH,FATBABY,389
YTH,DARLIN,407
YTH,DARLIN,407
MNS,FATBABY,370
WMS,DARLIN,427
MNS,ROUND UP,394
MNS,FATBABY,370
MNS,FATBABY,370
WMS,FATBABY,408
WMS,HERITAGE,414
MNS,ROUND UP,394
WMS,FATBABY,408
MNS,HERITAGE,376
WMS,FATBABY,408
YTH,FATBABY,389
WMS,ROUND UP,434
MNS,ROUND UP,394
YTH,HERITAGE,395
WMS,WORKHOG,421
MNS,FATBABY,370
YTH,WORKHOG,401
YTH,WORKHOG,401
MNS,DARLIN,388
MNS,HERITAGE,376
MNS,DARLIN,388
MNS,WORKHOG,382
WMS,ROUND UP,434
YTH,HERITAGE,395
WMS,DARLIN,427
WMS,WORKHOG,421
WMS,WORKHOG,421
YTH,DARLIN,407
WMS,ROUND UP,434
YTH,HERITAGE,395
WMS,ROUND UP,434
YTH,FATBABY,389
MNS,HERITAGE,376
YTH,WORKHOG,401
MNS,HERITAGE,376
MNS,FATBABY,370
YTH,ROUND UP,414
WMS,FATBABY,408
MNS,WORKHOG,382
WMS,ROUND UP,434
YTH,ROUND UP,414
MNS,ROUND UP,394
MNS,ROUND UP,394
WMS,FATBABY,408
WMS,WORKHOG,421
WMS,DARLIN,427
WMS,FATBABY,408
MNS,FATBABY,370
WMS,WORKHOG,421
YTH,HERITAGE,395
WMS,FATBABY,408
MNS,DARLIN,388
YTH,HERITAGE,395
WMS,ROUND UP,434
YTH,FATBABY,389
MNS,ROUND UP,394
MNS,DARLIN,388
YTH,HERITAGE,395
MNS,ROUND UP,394
MNS,WORKHOG,382
YTH,HERITAGE,395
YTH,FATBABY,389
WMS,DARLIN,427
MNS,HERITAGE,376
WMS,ROUND UP,434
YTH,DARLIN,407
WMS,ROUND UP,434
YTH,HERITAGE,395
YTH,HERITAGE,395
YTH,FATBABY,389
WMS,DARLIN,427
MNS,FATBABY,370
YTH,HERITAGE,395
MNS,DARLIN,388
YTH,ROUND UP,414
WMS,HERITAGE,414
WMS,WORKHOG,421
YTH,DARLIN,407
YTH,DARLIN,407
MNS,WORKHOG,382
WMS,DARLIN,427
MNS,DARLIN,388
WMS,ROUND UP,434
MNS,HERITAGE,376
MNS,WORKHOG,382
YTH,HERITAGE,395
YTH,FATBABY,389
YTH,DARLIN,407
YTH,DARLIN,407
YTH,WORKHOG,401
WMS,HERITAGE,414
YTH,DARLIN,407
YTH,DARLIN,407
MNS,ROUND UP,394
MNS,ROUND UP,394
YTH,WORKHOG,401
WMS,HERITAGE,414
YTH,HERITAGE,395
WMS,ROUND UP,434
YTH,WORKHOG,401
YTH,ROUND UP,414
YTH,ROUND UP,414
WMS,DARLIN,427
YTH,FATBABY,389
MNS,DARLIN,388
WMS,HERITAGE,414
MNS,FATBABY,370
MNS,WORKHOG,382
WMS,DARLIN,427
YTH,FATBABY,389
MNS,HERITAGE,376
WMS,WORKHOG,421
YTH,HERITAGE,395
MNS,HERITAGE,376
MNS,DARLIN,388
MNS,HERITAGE,376
YTH,WORKHOG,401
YTH,WORKHOG,401
MNS,ROUND UP,394
YTH,HERITAGE,395
YTH,WORKHOG,401
WMS,ROUND UP,434
WMS,HERITAGE,414
MNS,DARLIN,388
WMS,ROUND UP,434
YTH,DARLIN,407
YTH,ROUND UP,414
MNS,ROUND UP,394
WMS,ROUND UP,434
MNS,FATBABY,370
YTH,DARLIN,407
YTH,HERITAGE,395
WMS,ROUND UP,434
MNS,WORKHOG,382
YTH,HERITAGE,395
WMS,DARLIN,427
YTH,FATBABY,389
WMS,HERITAGE,414
WMS,ROUND UP,434
MNS,ROUND UP,394
MNS,HERITAGE,376
YTH,ROUND UP,414
WMS,FATBABY,408
YTH,FATBABY,389
WMS,ROUND UP,434
YTH,HERITAGE,395
YTH,DARLIN,407
YTH,FATBABY,389
YTH,WORKHOG,401
MNS,FATBABY,370
WMS,WORKHOG,421
YTH,ROUND UP,414
MNS,DARLIN,388
YTH,DARLIN,407
WMS,DARLIN,427
MNS,ROUND UP,394
YTH,FATBABY,389
WMS,HERITAGE,414
YTH,HERITAGE,395
YTH,FATBABY,389
WMS,WORKHOG,421
YTH,DARLIN,407
MNS,DARLIN,388
YTH,HERITAGE,395
WMS,DARLIN,427
WMS,HERITAGE,414
YTH,DARLIN,407
WMS,DARLIN,427
YTH,WORKHOG,401
MNS,DARLIN,388
MNS,ROUND UP,394
MNS,DARLIN,388
MNS,HERITAGE,376
MNS,WORKHOG,382
MNS,HERITAGE,376
WMS,FATBABY,408
MNS,FATBABY,370
WMS,DARLIN,427
YTH,WORKHOG,401
WMS,HERITAGE,414
MNS,WORKHOG,382
MNS,FATBABY,370
WMS,DARLIN,427
YTH,ROUND UP,414
MNS,DARLIN,388
MNS,FATBABY,370
YTH,WORKHOG,401
YTH,ROUND UP,414
MNS,DARLIN,388
MNS,ROUND UP,394
MNS,DARLIN,388
MNS,WORKHOG,382
YTH,DARLIN,407
WMS,HERITAGE,414
WMS,FATBABY,408
MNS,DARLIN,388
YTH,ROUND UP,414
YTH,DARLIN,407
YTH,ROUND UP,414
WMS,DARLIN,427
MNS,DARLIN,388
YTH,HERITAGE,395
MNS,ROUND UP,394
MNS,DARLIN,388
MNS,WORKHOG,382
WMS,HERITAGE,414
WMS,ROUND UP,434
WMS,WORKHOG,421
WMS,WORKHOG,421
WMS,ROUND UP,434
WMS,WORKHOG,421
MNS,WORKHOG,382
YTH,DARLIN,407
WMS,ROUND UP,434
YTH,HERITAGE,395
MNS,DARLIN,388
WMS,HERITAGE,414
YTH,DARLIN,407
WMS,WORKHOG,421
YTH,ROUND UP,414
MNS,ROUND UP,394
YTH,HERITAGE,395
YTH,HERITAGE,395
MNS,HERITAGE,376
WMS,WORKHOG,421
YTH,FATBABY,389
MNS,FATBABY,370
WMS,HERITAGE,414
WMS,DARLIN,427
YTH,WORKHOG,401
WMS,FATBABY,408
WMS,DARLIN,427
WMS,FATBABY,408
WMS,ROUND UP,434
WMS,DARLIN,427
YTH,ROUND UP,414
WMS,WORKHOG,421
WMS,WORKHOG,421
YTH,DARLIN,407
WMS,ROUND UP,434
WMS,HERITAGE,414
YTH,HERITAGE,395
WMS,DARLIN,427
YTH,HERITAGE,395
YTH,ROUND UP,414
MNS,HERITAGE,376
WMS,WORKHOG,421
WMS,WORKHOG,421
MNS,DARLIN,388
MNS,ROUND UP,394
MNS,DARLIN,388
WMS,WORKHOG,421
MNS,ROUND UP,394
WMS,ROUND UP,434
MNS,WORKHOG,382
MNS,HERITAGE,376
YTH,DARLIN,407
WMS,HERITAGE,414
YTH,ROUND UP,414
WMS,ROUND UP,434
MNS,HERITAGE,376
WMS,FATBABY,408
WMS,WORKHOG,421
YTH,FATBABY,389
WMS,ROUND UP,434
WMS,HERITAGE,414
MNS,FATBABY,370
YTH,HERITAGE,395
YTH,ROUND UP,414
WMS,HERITAGE,414
WMS,DARLIN,427
WMS,FATBABY,408
MNS,ROUND UP,394
YTH,WORKHOG,401
MNS,FATBABY,370
WMS,HERITAGE,414
YTH,FATBABY,389
MNS,FATBABY,370
YTH,DARLIN,407
MNS,HERITAGE,376
YTH,FATBABY,389
MNS,ROUND UP,394
MNS,DARLIN,388
YTH,FATBABY,389
WMS,ROUND UP,434
YTH,HERITAGE,395
MNS,DARLIN,388
YTH,DARLIN,407
WMS,ROUND UP,434
MNS,HERITAGE,376
MNS,HERITAGE,376
MNS,DARLIN,388
MNS,HERITAGE,376
WMS,HERITAGE,414
WMS,ROUND UP,434
YTH,FATBABY,389
YTH,ROUND UP,414
WMS,WORKHOG,421
YTH,DARLIN,407
YTH,ROUND UP,414
MNS,FATBABY,370
MNS,DARLIN,388
WMS,HERITAGE,414
YTH,ROUND UP,414
YTH,FATBABY,389
WMS,WORKHOG,421
WMS,DARLIN,427
YTH,HERITAGE,395
WMS,WORKHOG,421
YTH,WORKHOG,401
MNS,FATBABY,370
WMS,DARLIN,427
WMS,ROUND UP,434
YTH,ROUND UP,414
MNS,DARLIN,388
MNS,WORKHOG,382
WMS,DARLIN,427
YTH,FATBABY,389
WMS,WORKHOG,421
MNS,FATBABY,370
YTH,FATBABY,389
YTH,ROUND UP,414
WMS,ROUND UP,434
WMS,DARLIN,427
WMS,HERITAGE,414
WMS,DARLIN,427
WMS,FATBABY,408
MNS,DARLIN,388
WMS,WORKHOG,421
YTH,ROUND UP,414
MNS,ROUND UP,394
MNS,FATBABY,370
YTH,WORKHOG,401
MNS,DARLIN,388
YTH,DARLIN,407
WMS,WORKHOG,421
MNS,ROUND UP,394
WMS,ROUND UP,434
WMS,ROUND UP,434
WMS,WORKHOG,421
WMS,DARLIN,427
YTH,ROUND UP,414
MNS,WORKHOG,382
WMS,HERITAGE,414
WMS,FATBABY,408
WMS,ROUND UP,434
YTH,FATBABY,389
YTH,DARLIN,407
WMS,DARLIN,427
YTH,WORKHOG,401
YTH,WORKHOG,401
WMS,WORKHOG,421
WMS,DARLIN,427
YTH,FATBABY,389
MNS,FATBABY,370
WMS,HERITAGE,414
MNS,WORKHOG,382
WMS,DARLIN,427
MNS,FATBABY,370
MNS,WORKHOG,382
WMS,FATBABY,408
MNS,DARLIN,388
MNS,FATBABY,370
WMS,FATBABY,408
WMS,WORKHOG,421
YTH,HERITAGE,395
YTH,DARLIN,407
YTH,ROUND UP,414
MNS,FATBABY,370
MNS,FATBABY,370
WMS,WORKHOG,421
YTH,DARLIN,407
MNS,FATBABY,370
WMS,DARLIN,427
WMS,ROUND UP,434
YTH,WORKHOG,401
WMS,ROUND UP,434
WMS,HERITAGE,414
YTH,FATBABY,389
MNS,ROUND UP,394
MNS,FATBABY,370
YTH,DARLIN,407
MNS,DARLIN,388
YTH,ROUND UP,414
YTH,DARLIN,407
MNS,DARLIN,388
MNS,WORKHOG,382
YTH,ROUND UP,414
WMS,DARLIN,427
MNS,ROUND UP,394
MNS,ROUND UP,394
YTH,DARLIN,407
YTH,DARLIN,407
YTH,HERITAGE,395
WMS,ROUND UP,434
MNS,WORKHOG,382
MNS,FATBABY,370
WMS,ROUND UP,434
YTH,ROUND UP,414
WMS,DARLIN,427
WMS,WORKHOG,421
MNS,DARLIN,388
WMS,FATBABY,408
YTH,FATBABY,389
WMS,ROUND UP,434
WMS,FATBABY,408
WMS,FATBABY,408
WMS,ROUND UP,434
YTH,HERITAGE,395
MNS,HERITAGE,376
YTH,DARLIN,407
YTH,WORKHOG,401
WMS,HERITAGE,414
MNS,WORKHOG,382
WMS,WORKHOG,421
MNS,FATBABY,370
MNS,DARLIN,388
MNS,HERITAGE,376
YTH,WORKHOG,401
MNS,FATBABY,370
WMS,FATBABY,408
YTH,FATBABY,389
YTH,FATBABY,389
YTH,WORKHOG,401
WMS,WORKHOG,421
YTH,HERITAGE,395
YTH,ROUND UP,414
YTH,WORKHOG,401
YTH,HERITAGE,395
WMS,WORKHOG,421
YTH,FATBABY,389
YTH,FATBABY,389
MNS,DARLIN,388
WMS,WORKHOG,421
MNS,FATBABY,370
WMS,WORKHOG,421
YTH,DARLIN,407
MNS,ROUND UP,394
YTH,FATBABY,389
WMS,FATBABY,408
YTH,WORKHOG,401
YTH,DARLIN,407
YTH,WORKHOG,401
MNS,ROUND UP,394
MNS,DARLIN,388
MNS,ROUND UP,394
MNS,HERITAGE,376
MNS,HERITAGE,376
WMS,FATBABY,408
WMS,FATBABY,408
WMS,HERITAGE,414
MNS,ROUND UP,394
WMS,ROUND UP,434
YTH,FATBABY,389
MNS,HERITAGE,376
MNS,WORKHOG,382
YTH,ROUND UP,414
WMS,WORKHOG,421
WMS,ROUND UP,434
MNS,DARLIN,388
MNS,HERITAGE,376
MNS,WORKHOG,382
YTH,WORKHOG,401
MNS,FATBABY,370
WMS,FATBABY,408
YTH,FATBABY,389
YTH,DARLIN,407
MNS,FATBABY,370
MNS,HERITAGE,376
MNS,FATBABY,370
WMS,FATBABY,408
WMS,ROUND UP,434
YTH,WORKHOG,401
MNS,WORKHOG,382
YTH,DARLIN,407
YTH,ROUND UP,414
MNS,DARLIN,388
MNS,HERITAGE,376
YTH,FATBABY,389
MNS,FATBABY,370
WMS,WORKHOG,421
YTH,FATBABY,389
YTH,DARLIN,407
MNS,WORKHOG,382
WMS,WORKHOG,421
WMS,DARLIN,427
MNS,WORKHOG,382
MNS,DARLIN,388
MNS,ROUND UP,394
YTH,ROUND UP,414
MNS,DARLIN,388
WMS,WORKHOG,421
WMS,ROUND UP,434
WMS,WORKHOG,421
WMS,HERITAGE,414
YTH,HERITAGE,395
MNS,HERITAGE,376
WMS,ROUND UP,434
YTH,DARLIN,407
WMS,HERITAGE,414
WMS,ROUND UP,434
YTH,WORKHOG,401
YTH,WORKHOG,401
YTH,ROUND UP,414
YTH,FATBABY,389
WMS,FATBABY,408
WMS,HERITAGE,414
WMS,DARLIN,427
YTH,HERITAGE,395
MNS,ROUND UP,394
MNS,ROUND UP,394
MNS,ROUND UP,394
WMS,DARLIN,427
YTH,WORKHOG,401
WMS,FATBABY,408
YTH,DARLIN,407
MNS,DARLIN,388
MNS,DARLIN,388
YTH,WORKHOG,401
WMS,FATBABY,408
YTH,FATBABY,389
YTH,WORKHOG,401
MNS,HERITAGE,376
WMS,ROUND UP,434
WMS,WORKHOG,421
WMS,ROUND UP,434
MNS,DARLIN,388
YTH,FATBABY,389
YTH,WORKHOG,401
YTH,FATBABY,389
WMS,HERITAGE,414
WMS,ROUND UP,434
WMS,HERITAGE,414
WMS,FATBABY,408
MNS,DARLIN,388
MNS,ROUND UP,394
MNS,FATBABY,370
WMS,WORKHOG,421
MNS,HERITAGE,376
MNS,HERITAGE,376
WMS,DARLIN,427
YTH,ROUND UP,414
MNS,ROUND UP,394
MNS,FATBABY,370
MNS,DARLIN,388
MNS,DARLIN,388
WMS,WORKHOG,421
WMS,FATBABY,408
MNS,ROUND UP,394
MNS,HERITAGE,376
WMS,DARLIN,427
WMS,ROUND UP,434
YTH,DARLIN,407
WMS,WORKHOG,421
WMS,DARLIN,427
MNS,DARLIN,388
YTH,HERITAGE,395
WMS,ROUND UP,434
YTH,FATBABY,389
MNS,WORKHOG,382
YTH,ROUND UP,414
WMS,ROUND UP,434
MNS,FATBABY,370
YTH,ROUND UP,414
YTH,ROUND UP,414
MNS,HERITAGE,376
MNS,DARLIN,388
WMS,WORKHOG,421
YTH,WORKHOG,401
MNS,HERITAGE,376
MNS,WORKHOG,382
MNS,DARLIN,388
WMS,WORKHOG,421
MNS,HERITAGE,376
YTH,FATBABY,389
WMS,FATBABY,408
WMS,ROUND UP,434
MNS,HERITAGE,376
MNS,WORKHOG,382
YTH,WORKHOG,401
WMS,DARLIN,427
YTH,DARLIN,407
YTH,WORKHOG,401
MNS,WORKHOG,382
YTH,DARLIN,407
MNS,DARLIN,388
WMS,HERITAGE,414
WMS,FATBABY,408
WMS,HERITAGE,414
MNS,ROUND UP,394
YTH,ROUND UP,414
WMS,HERITAGE,414
MNS,HERITAGE,376
MNS,WORKHOG,382
MNS,WORKHOG,382
YTH,FATBABY,389
MNS,DARLIN,388
MNS,WORKHOG,382
MNS,WORKHOG,382
MNS,FATBABY,370
YTH,DARLIN,407
WMS,DARLIN,427
MNS,FATBABY,370
MNS,ROUND UP,394
YTH,HERITAGE,395
WMS,WORKHOG,421
WMS,DARLIN,427
MNS,ROUND UP,394
MNS,ROUND UP,394
MNS,HERITAGE,376
WMS,DARLIN,427
YTH,FATBABY,389
YTH,HERITAGE,395
MNS,DARLIN,388
YTH,ROUND UP,414
YTH,DARLIN,407
WMS,FATBABY,408
YTH,FATBABY,389
WMS,WORKHOG,421
WMS,DARLIN,427
WMS,DARLIN,427
WMS,WORKHOG,421
MNS,ROUND UP,394
WMS,FATBABY,408
YTH,WORKHOG,401
MNS,HERITAGE,376
WMS,DARLIN,427
YTH,WORKHOG,401
YTH,DARLIN,407
YTH,FATBABY,389
MNS,HERITAGE,376
WMS,FATBABY,408
WMS,HERITAGE,414
MNS,DARLIN,388
MNS,FATBABY,370
YTH,WORKHOG,401
WMS,DARLIN,427
MNS,WORKHOG,382
WMS,FATBABY,408
YTH,ROUND UP,414
YTH,DARLIN,407
MNS,WORKHOG,382
WMS,FATBABY,408
MNS,WORKHOG,382
YTH,WORKHOG,401
MNS,DARLIN,388
YTH,HERITAGE,395
WMS,ROUND UP,434
YTH,ROUND UP,414
WMS,FATBABY,408
YTH,FATBABY,389
YTH,HERITAGE,395
YTH,ROUND UP,414
WMS,HERITAGE,414
YTH,WORKHOG,401
MNS,HERITAGE,376
MNS,ROUND UP,394
MNS,HERITAGE,376
WMS,HERITAGE,414
MNS,ROUND UP,394
MNS,FATBABY,370
WMS,DARLIN,427
WMS,FATBABY,408
WMS,DARLIN,427
MNS,WORKHOG,382
WMS,DARLIN,427
WMS,DARLIN,427
WMS,WORKHOG,421
WMS,WORKHOG,421
MNS,FATBABY,370
MNS,FATBABY,370
MNS,WORKHOG,382
MNS,DARLIN,388
MNS,FATBABY,370
MNS,WORKHOG,382
YTH,ROUND UP,414
YTH,FATBABY,389
YTH,HERITAGE,395
WMS,HERITAGE,414
WMS,WORKHOG,421
WMS,HERITAGE,414
YTH,DARLIN,407
YTH,FATBABY,389
WMS,WORKHOG,421
YTH,ROUND UP,414
WMS,DARLIN,427
WMS,WORKHOG,421
WMS,FATBABY,408
YTH,DARLIN,407
WMS,ROUND UP,434
MNS,DARLIN,388
MNS,ROUND UP,394
MNS,HERITAGE,376
MNS,WORKHOG,382
YTH,ROUND UP,414
YTH,DARLIN,407
MNS,ROUND UP,394
WMS,FATBABY,408
WMS,WORKHOG,421
YTH,WORKHOG,401
WMS,HERITAGE,414
MNS,FATBABY,370
WMS,WORKHOG,421
WMS,DARLIN,427
WMS,HERITAGE,414
MNS,FATBABY,370
MNS,HERITAGE,376
YTH,WORKHOG,401
WMS,DARLIN,427
YTH,FATBABY,389
MNS,DARLIN,388
MNS,FATBABY,370
YTH,HERITAGE,395
WMS,FATBABY,408
YTH,ROUND UP,414
MNS,WORKHOG,382
YTH,FATBABY,389
YTH,ROUND UP,414
YTH,DARLIN,407
YTH,WORKHOG,401
YTH,ROUND UP,414
YTH,WORKHOG,401
WMS,DARLIN,427
YTH,FATBABY,389
MNS,HERITAGE,376
WMS,HERITAGE,414
YTH,WORKHOG,401
YTH,DARLIN,407
YTH,ROUND UP,414
WMS,DARLIN,427
MNS,FATBABY,370
WMS,WORKHOG,421
WMS,HERITAGE,414
WMS,HERITAGE,414
MNS,WORKHOG,382
WMS,ROUND UP,434
YTH,ROUND UP,414
YTH,ROUND UP,414
MNS,WORKHOG,382
YTH,DARLIN,407
MNS,ROUND UP,394
YTH,WORKHOG,401
WMS,WORKHOG,421
YTH,FATBABY,389
YTH,DARLIN,407
YTH,DARLIN,407
MNS,DARLIN,388
MNS,DARLIN,388
YTH,WORKHOG,401
MNS,ROUND UP,394
YTH,ROUND UP,414
MNS,WORKHOG,382
YTH,FATBABY,389
YTH,ROUND UP,414
MNS,WORKHOG,382
WMS,HERITAGE,414
MNS,WORKHOG,382
WMS,HERITAGE,414
YTH,FATBABY,389
YTH,FATBABY,389
YTH,ROUND UP,414
MNS,FATBABY,370
WMS,HERITAGE,414
YTH,WORKHOG,401
MNS,WORKHOG,382
YTH,ROUND UP,414
YTH,FATBABY,389
YTH,HERITAGE,395
WMS,FATBABY,408
YTH,WORKHOG,401
WMS,DARLIN,427
YTH,DARLIN,407
WMS,WORKHOG,421
WMS,HERITAGE,414
WMS,FATBABY,408
WMS,DARLIN,427
WMS,DARLIN,427
YTH,FATBABY,389
WMS,DARLIN,427
YTH,WORKHOG,401
YTH,HERITAGE,395
YTH,DARLIN,407
MNS,HERITAGE,376
WMS,ROUND UP,434
WMS,DARLIN,427
YTH,FATBABY,389
MNS,WORKHOG,382
MNS,ROUND UP,394
WMS,WORKHOG,421
WMS,HERITAGE,414
MNS,HERITAGE,376
YTH,FATBABY,389
YTH,WORKHOG,401
WMS,ROUND UP,434
WMS,WORKHOG,421
YTH,ROUND UP,414
YTH,ROUND UP,414
MNS,HERITAGE,376
MNS,DARLIN,388
MNS,HERITAGE,376
YTH,FATBABY,389
WMS,ROUND UP,434
YTH,DARLIN,407
MNS,WORKHOG,382
MNS,FATBABY,370
MNS,ROUND UP,394
YTH,WORKHOG,401
WMS,ROUND UP,434
YTH,WORKHOG,401
MNS,ROUND UP,394
YTH,HERITAGE,395
YTH,ROUND UP,414
YTH,WORKHOG,401
WMS,ROUND UP,434
MNS,HERITAGE,376
YTH,ROUND UP,414
MNS,FATBABY,370
WMS,WORKHOG,421
MNS,WORKHOG,382
WMS,HERITAGE,414
YTH,ROUND UP,414
WMS,DARLIN,427
YTH,ROUND UP,414
YTH,HERITAGE,395
YTH,FATBABY,389
YTH,DARLIN,407
MNS,HERITAGE,376
YTH,DARLIN,407
MNS,HERITAGE,376
MNS,ROUND UP,394
MNS,WORKHOG,382
WMS,ROUND UP,434
YTH,WORKHOG,401
MNS,FATBABY,370
YTH,WORKHOG,401
YTH,FATBABY,389
YTH,DARLIN,407
MNS,HERITAGE,376
YTH,DARLIN,407
MNS,FATBABY,370
WMS,DARLIN,427
MNS,WORKHOG,382
WMS,HERITAGE,414
YTH,HERITAGE,395
YTH,ROUND UP,414
WMS,DARLIN,427
YTH,HERITAGE,395
MNS,ROUND UP,394
MNS,HERITAGE,376
MNS,HERITAGE,376
WMS,HERITAGE,414
WMS,ROUND UP,434
WMS,FATBABY,408
YTH,ROUND UP,414
WMS,DARLIN,427
YTH,ROUND UP,414
MNS,FATBABY,370
YTH,DARLIN,407
MNS,ROUND UP,394
WMS,HERITAGE,414
YTH,HERITAGE,395
YTH,HERITAGE,395
YTH,FATBABY,389
WMS,DARLIN,427
YTH,DARLIN,407
WMS,HERITAGE,414
WMS,ROUND UP,434
WMS,WORKHOG,421
WMS,DARLIN,427
WMS,FATBABY,408
MNS,ROUND UP,394
WMS,DARLIN,427
MNS,WORKHOG,382
MNS,ROUND UP,394
YTH,ROUND UP,414
MNS,FATBABY,370
YTH,DARLIN,407
YTH,ROUND UP,414
MNS,WORKHOG,382
MNS,DARLIN,388
YTH,HERITAGE,395
WMS,WORKHOG,421
YTH,WORKHOG,401
WMS,HERITAGE,414
WMS,DARLIN,427
WMS,HERITAGE,414
YTH,HERITAGE,395
WMS,DARLIN,427
WMS,ROUND UP,434
WMS,DARLIN,427
WMS,HERITAGE,414
YTH,DARLIN,407
YTH,ROUND UP,414
MNS,DARLIN,388
MNS,FATBABY,370
YTH,WORKHOG,401
MNS,FATBABY,370
MNS,WORKHOG,382
MNS,DARLIN,388
WMS,DARLIN,427
MNS,ROUND UP,394
YTH,ROUND UP,414
YTH,DARLIN,407
MNS,HERITAGE,376
MNS,ROUND UP,394
MNS,WORKHOG,382
YTH,DARLIN,407
YTH,WORKHOG,401
YTH,FATBABY,389
YTH,ROUND UP,414
MNS,DARLIN,388
WMS,FATBABY,408
YTH,FATBABY,389
MNS,FATBABY,370
WMS,FATBABY,408
WMS,DARLIN,427
WMS,ROUND UP,434
WMS,FATBABY,408
YTH,FATBABY,389
WMS,FATBABY,408
MNS,ROUND UP,394
MNS,WORKHOG,382
YTH,FATBABY,389
YTH,FATBABY,389
WMS,WORKHOG,421
MNS,FATBABY,370
WMS,DARLIN,427
WMS,WORKHOG,421
MNS,ROUND UP,394
MNS,WORKHOG,382
MNS,ROUND UP,394
YTH,DARLIN,407
MNS,ROUND UP,394
WMS,FATBABY,408
MNS,FATBABY,370
WMS,HERITAGE,414
YTH,DARLIN,407
MNS,HERITAGE,376
MNS,DARLIN,388
WMS,DARLIN,427
YTH,FATBABY,389
MNS,DARLIN,388
MNS,FATBABY,370
YTH,WORKHOG,401
WMS,WORKHOG,421
WMS,DARLIN,427
YTH,ROUND UP,414
YTH,DARLIN,407
YTH,FATBABY,389
YTH,FATBABY,389
MNS,FATBABY,370
MNS,FATBABY,370
WMS,DARLIN,427
YTH,HERITAGE,395
WMS,FATBABY,408
MNS,WORKHOG,382
WMS,DARLIN,427
YTH,ROUND UP,414
YTH,DARLIN,407
WMS,FATBABY,408
WMS,ROUND UP,434
MNS,HERITAGE,376
MNS,DARLIN,388
YTH,WORKHOG,401
YTH,HERITAGE,395
WMS,FATBABY,408
MNS,ROUND UP,394
MNS,HERITAGE,376
MNS,DARLIN,388
MNS,FATBABY,370
WMS,FATBABY,408
WMS,DARLIN,427
MNS,DARLIN,388
MNS,ROUND UP,394
YTH,DARLIN,407
WMS,FATBABY,408
WMS,HERITAGE,414
YTH,FATBABY,389
YTH,ROUND UP,414
YTH,FATBABY,389
YTH,WORKHOG,401
WMS,HERITAGE,414
WMS,DARLIN,427
MNS,WORKHOG,382
YTH,ROUND UP,414
YTH,HERITAGE,395
WMS,WORKHOG,421
WMS,HERITAGE,414
YTH,ROUND UP,414
YTH,ROUND UP,414
WMS,HERITAGE,414
YTH,DARLIN,407
MNS,DARLIN,388
YTH,HERITAGE,395
WMS,WORKHOG,421
YTH,ROUND UP,414
WMS,HERITAGE,414
MNS,ROUND UP,394
MNS,HERITAGE,376
WMS,ROUND UP,434
YTH,HERITAGE,395
YTH,HERITAGE,395
YTH,ROUND UP,414
WMS,ROUND UP,434
MNS,HERITAGE,376
WMS,WORKHOG,421
MNS,FATBABY,370
WMS,ROUND UP,434
MNS,DARLIN,388
YTH,DARLIN,407
MNS,DARLIN,388
YTH,WORKHOG,401
MNS,WORKHOG,382
YTH,ROUND UP,414
YTH,DARLIN,407
YTH,ROUND UP,414
MNS,FATBABY,370
WMS,ROUND UP,434
WMS,ROUND UP,434
YTH,FATBABY,389
WMS,ROUND UP,434
YTH,DARLIN,407
WMS,DARLIN,427
YTH,FATBABY,389
WMS,WORKHOG,421
YTH,DARLIN,407
MNS,WORKHOG,382
WMS,WORKHOG,421
WMS,HERITAGE,414
WMS,HERITAGE,414
WMS,WORKHOG,421
WMS,FATBABY,408
MNS,DARLIN,388
YTH,FATBABY,389
MNS,ROUND UP,394
WMS,WORKHOG,421
YTH,DARLIN,407
WMS,ROUND UP,434
WMS,HERITAGE,414
MNS,ROUND UP,394
YTH,FATBABY,389
YTH,ROUND UP,414
YTH,WORKHOG,401
MNS,DARLIN,388
MNS,ROUND UP,394
WMS,WORKHOG,421
YTH,HERITAGE,395
WMS,WORKHOG,421
YTH,WORKHOG,401
YTH,FATBABY,389
WMS,ROUND UP,434
MNS,ROUND UP,394
YTH,DARLIN,407
MNS,FATBABY,370
YTH,DARLIN,407
MNS,WORKHOG,382
MNS,ROUND UP,394
YTH,ROUND UP,414
MNS,HERITAGE,376
YTH,ROUND UP,414
WMS,FATBABY,408
YTH,WORKHOG,401
WMS,HERITAGE,414
YTH,WORKHOG,401
MNS,HERITAGE,376
MNS,FATBABY,370
YTH,FATBABY,389
YTH,HERITAGE,395
WMS,WORKHOG,421
WMS,FATBABY,408
YTH,HERITAGE,395
MNS,DARLIN,388
YTH,WORKHOG,401
WMS,FATBABY,408
YTH,ROUND UP,414
YTH,DARLIN,407
MNS,FATBABY,370
MNS,WORKHOG,382
WMS,WORKHOG,421
WMS,FATBABY,408
YTH,ROUND UP,414
MNS,ROUND UP,394
MNS,ROUND UP,394
YTH,WORKHOG,401
MNS,WORKHOG,382
WMS,WORKHOG,421
MNS,HERITAGE,376
MNS,ROUND UP,394
YTH,HERITAGE,395
MNS,DARLIN,388
YTH,ROUND UP,414
YTH,FATBABY,389
MNS,FATBABY,370
YTH,HERITAGE,395
MNS,DARLIN,388
YTH,WORKHOG,401
YTH,FATBABY,389
MNS,DARLIN,388
WMS,ROUND UP,434
YTH,DARLIN,407
MNS,WORKHOG,382
MNS,FATBABY,370
WMS,FATBABY,408
YTH,DARLIN,407
YTH,HERITAGE,395
WMS,ROUND UP,434
WMS,ROUND UP,434
MNS,ROUND UP,394
YTH,WORKHOG,401
YTH,FATBABY,389
YTH,HERITAGE,395
YTH,ROUND UP,414
YTH,HERITAGE,395
MNS,HERITAGE,376
WMS,HERITAGE,414
MNS,ROUND UP,394
YTH,ROUND UP,414
YTH,ROUND UP,414
YTH,FATBABY,389
YTH,WORKHOG,401
YTH,WORKHOG,401
WMS,ROUND UP,434
YTH,DARLIN,407
WMS,WORKHOG,421
YTH,ROUND UP,414
WMS,WORKHOG,421
MNS,FATBABY,370
WMS,HERITAGE,414
YTH,FATBABY,389
MNS,WORKHOG,382
WMS,DARLIN,427
MNS,FATBABY,370
MNS,DARLIN,388
MNS,HERITAGE,376
YTH,WORKHOG,401
WMS,WORKHOG,421
MNS,DARLIN,388
YTH,ROUND UP,414
YTH,FATBABY,389
MNS,WORKHOG,382
WMS,ROUND UP,434
YTH,FATBABY,389
WMS,HERITAGE,414
MNS,FATBABY,370
YTH,FATBABY,389
MNS,DARLIN,388
MNS,WORKHOG,382
MNS,DARLIN,388
WMS,DARLIN,427
WMS,DARLIN,427
WMS,DARLIN,427
WMS,WORKHOG,421
YTH,FATBABY,389
MNS,HERITAGE,376
MNS,FATBABY,370
YTH,WORKHOG,401
WMS,HERITAGE,414
YTH,WORKHOG,401
MNS,ROUND UP,394
YTH,FATBABY,389
YTH,FATBABY,389
WMS,DARLIN,427
WMS,DARLIN,427
YTH,WORKHOG,401
MNS,ROUND UP,394
WMS,FATBABY,408
MNS,DARLIN,388
YTH,FATBABY,389
YTH,WORKHOG,401
WMS,FATBABY,408
MNS,DARLIN,388
WMS,HERITAGE,414
YTH,HERITAGE,395
YTH,FATBABY,389
MNS,FATBABY,370
MNS,ROUND UP,394
YTH,WORKHOG,401
WMS,HERITAGE,414
WMS,FATBABY,408
MNS,HERITAGE,376
YTH,DARLIN,407
WMS,WORKHOG,421
WMS,ROUND UP,434
YTH,DARLIN,407
YTH,HERITAGE,395
MNS,WORKHOG,382
MNS,FATBABY,370
YTH,ROUND UP,414
MNS,HERITAGE,376
MNS,WORKHOG,382
YTH,DARLIN,407
MNS,ROUND UP,394
WMS,ROUND UP,434
MNS,HERITAGE,376
WMS,ROUND UP,434
WMS,FATBABY,408
WMS,DARLIN,427
MNS,FATBABY,370
MNS,ROUND UP,394
YTH,WORKHOG,401
MNS,HERITAGE,376
MNS,ROUND UP,394
MNS,HERITAGE,376
YTH,ROUND UP,414
YTH,WORKHOG,401
MNS,HERITAGE,376
MNS,DARLIN,388
MNS,DARLIN,388
YTH,FATBABY,389
MNS,HERITAGE,376
WMS,HERITAGE,414
YTH,ROUND UP,414
YTH,WORKHOG,401
MNS,WORKHOG,382
MNS,FATBABY,370
MNS,WORKHOG,382
WMS,ROUND UP,434
WMS,ROUND UP,434
YTH,DARLIN,407
YTH,ROUND UP,414
MNS,DARLIN,388
YTH,ROUND UP,414
YTH,ROUND UP,414
MNS,DARLIN,388
YTH,ROUND UP,414
WMS,FATBABY,408
YTH,WORKHOG,401
YTH,HERITAGE,395
WMS,WORKHOG,421
WMS,HERITAGE,414
WMS,WORKHOG,421
YTH,DARLIN,407
WMS,DARLIN,427
YTH,DARLIN,407
YTH,HERITAGE,395
MNS,ROUND UP,394
YTH,FATBABY,389
WMS,WORKHOG,421
MNS,HERITAGE,376
MNS,DARLIN,388
MNS,DARLIN,388
MNS,FATBABY,370
YTH,HERITAGE,395
MNS,HERITAGE,376
MNS,ROUND UP,394
MNS,WORKHOG,382
MNS,DARLIN,388
WMS,WORKHOG,421
MNS,ROUND UP,394
WMS,WORKHOG,421
YTH,DARLIN,407
WMS,DARLIN,427
YTH,ROUND UP,414
WMS,FATBABY,408
YTH,ROUND UP,414
YTH,FATBABY,389
YTH,DARLIN,407
YTH,FATBABY,389
MNS,ROUND UP,394
MNS,ROUND UP,394
MNS,HERITAGE,376
WMS,DARLIN,427
MNS,FATBABY,370
MNS,FATBABY,370
MNS,FATBABY,370
WMS,WORKHOG,421
WMS,FATBABY,408
YTH,DARLIN,407
MNS,WORKHOG,382
WMS,FATBABY,408
WMS,WORKHOG,421
MNS,HERITAGE,376
MNS,WORKHOG,382
MNS,DARLIN,388
YTH,FATBABY,389
MNS,DARLIN,388
MNS,DARLIN,388
YTH,HERITAGE,395
YTH,HERITAGE,395
MNS,ROUND UP,394
YTH,HERITAGE,395
YTH,HERITAGE,395
WMS,ROUND UP,434
MNS,DARLIN,388
YTH,DARLIN,407
YTH,DARLIN,407
WMS,WORKHOG,421
MNS,ROUND UP,394
YTH,DARLIN,407
YTH,WORKHOG,401
MNS,FATBABY,370
WMS,ROUND UP,434
YTH,WORKHOG,401
MNS,DARLIN,388
MNS,FATBABY,370
WMS,DARLIN,427
YTH,FATBABY,389
WMS,FATBABY,408
WMS,FATBABY,408
WMS,FATBABY,408
YTH,DARLIN,407
YTH,FATBABY,389
MNS,ROUND UP,394
YTH,DARLIN,407
MNS,HERITAGE,376
YTH,FATBABY,389
MNS,DARLIN,388
YTH,WORKHOG,401
MNS,FATBABY,370
WMS,FATBABY,408
YTH,WORKHOG,401
YTH,WORKHOG,401
WMS,ROUND UP,434
WMS,FATBABY,408
MNS,DARLIN,388
WMS,ROUND UP,434
MNS,DARLIN,388
YTH,WORKHOG,401
YTH,FATBABY,389
WMS,DARLIN,427
YTH,HERITAGE,395
YTH,WORKHOG,401
WMS,HERITAGE,414
YTH,HERITAGE,395
MNS,ROUND UP,394
MNS,ROUND UP,394
YTH,ROUND UP,414
YTH,ROUND UP,414
WMS,ROUND UP,434
WMS,WORKHOG,421
YTH,ROUND UP,414
MNS,ROUND UP,394
WMS,HERITAGE,414
WMS,DARLIN,427
YTH,ROUND UP,414
WMS,DARLIN,427
MNS,ROUND UP,394
YTH,FATBABY,389
YTH,HERITAGE,395
YTH,ROUND UP,414
MNS,DARLIN,388
WMS,ROUND UP,434
YTH,HERITAGE,395
MNS,FATBABY,370
WMS,ROUND UP,434
WMS,ROUND UP,434
MNS,WORKHOG,382
YTH,HERITAGE,395
MNS,FATBABY,370
YTH,FATBABY,389
MNS,ROUND UP,394
MNS,ROUND UP,394
YTH,DARLIN,407
MNS,DARLIN,388
MNS,FATBABY,370
YTH,FATBABY,389
YTH,FATBABY,389
MNS,WORKHOG,382
YTH,DARLIN,407
YTH,FATBABY,389
MNS,HERITAGE,376
MNS,DARLIN,388
WMS,HERITAGE,414
YTH,FATBABY,389
MNS,FATBABY,370
WMS,DARLIN,427
YTH,FATBABY,389
MNS,FATBABY,370
YTH,ROUND UP,414
WMS,HERITAGE,414
YTH,ROUND UP,414
WMS,DARLIN,427
WMS,HERITAGE,414
YTH,DARLIN,407
YTH,FATBABY,389
MNS,DARLIN,388
WMS,HERITAGE,414
YTH,ROUND UP,414
WMS,HERITAGE,414
WMS,HERITAGE,414
MNS,DARLIN,388
MNS,ROUND UP,394
WMS,HERITAGE,414
MNS,WORKHOG,382
WMS,DARLIN,427
WMS,ROUND UP,434
MNS,DARLIN,388
MNS,WORKHOG,382
MNS,FATBABY,370
YTH,DARLIN,407
WMS,WORKHOG,421
MNS,WORKHOG,382
YTH,FATBABY,389
YTH,HERITAGE,395
YTH,ROUND UP,414
WMS,WORKHOG,421
YTH,HERITAGE,395
YTH,WORKHOG,401
YTH,ROUND UP,414
MNS,HERITAGE,376
WMS,HERITAGE,414
WMS,WORKHOG,421
WMS,FATBABY,408
WMS,WORKHOG,421
WMS,ROUND UP,434
WMS,ROUND UP,434
MNS,HERITAGE,376
MNS,WORKHOG,382
YTH,FATBABY,389
YTH,HERITAGE,395
YTH,WORKHOG,401
YTH,ROUND UP,414
YTH,HERITAGE,395
YTH,FATBABY,389
YTH,HERITAGE,395
WMS,FATBABY,408
YTH,ROUND UP,414
MNS,DARLIN,388
WMS,FATBABY,408
MNS,ROUND UP,394
MNS,WORKHOG,382
WMS,DARLIN,427
WMS,FATBABY,408
WMS,FATBABY,408
MNS,WORKHOG,382
WMS,DARLIN,427
MNS,HERITAGE,376
MNS,FATBABY,370
WMS,HERITAGE,414
YTH,HERITAGE,395
WMS,DARLIN,427
YTH,ROUND UP,414
MNS,HERITAGE,376
WMS,DARLIN,427
YTH,HERITAGE,395
YTH,ROUND UP,414
MNS,HERITAGE,376
WMS,ROUND UP,434
MNS,ROUND UP,394
MNS,ROUND UP,394
YTH,DARLIN,407
YTH,FATBABY,389
YTH,ROUND UP,414
YTH,DARLIN,407
MNS,FATBABY,370
YTH,WORKHOG,401
MNS,DARLIN,388
MNS,WORKHOG,382
MNS,WORKHOG,382
MNS,FATBABY,370
YTH,FATBABY,389
WMS,ROUND UP,434
MNS,ROUND UP,394
MNS,ROUND UP,394
WMS,WORKHOG,421
MNS,ROUND UP,394
MNS,FATBABY,370
YTH,DARLIN,407
WMS,DARLIN,427
MNS,ROUND UP,394
WMS,FATBABY,408
WMS,ROUND UP,434
WMS,WORKHOG,421
YTH,HERITAGE,395
WMS,HERITAGE,414
WMS,FATBABY,408
WMS,FATBABY,408
WMS,HERITAGE,414
YTH,FATBABY,389
WMS,FATBABY,408
MNS,FATBABY,370
YTH,DARLIN,407
WMS,FATBABY,408
MNS,WORKHOG,382
WMS,FATBABY,408
MNS,HERITAGE,376
YTH,WORKHOG,401
YTH,HERITAGE,395
WMS,FATBABY,408
WMS,ROUND UP,434
MNS,FATBABY,370
WMS,FATBABY,408
WMS,DARLIN,427
MNS,FATBABY,370
YTH,ROUND UP,414
WMS,DARLIN,427
YTH,ROUND UP,414
WMS,ROUND UP,434
WMS,ROUND UP,434
YTH,ROUND UP,414
WMS,WORKHOG,421
WMS,FATBABY,408
MNS,WORKHOG,382
WMS,FATBABY,408
MNS,ROUND UP,394
YTH,HERITAGE,395
WMS,WORKHOG,421
MNS,DARLIN,388
YTH,HERITAGE,395
MNS,HERITAGE,376
WMS,FATBABY,408
MNS,ROUND UP,394
MNS,WORKHOG,382
YTH,DARLIN,407
WMS,FATBABY,408
YTH,FATBABY,389
YTH,FATBABY,389
WMS,WORKHOG,421
YTH,HERITAGE,395
WMS,FATBABY,408
WMS,WORKHOG,421
WMS,FATBABY,408
MNS,ROUND UP,394
WMS,FATBABY,408
YTH,FATBABY,389
YTH,FATBABY,389
YTH,WORKHOG,401
WMS,ROUND UP,434
WMS,HERITAGE,414
WMS,DARLIN,427
MNS,FATBABY,370
MNS,HERITAGE,376
WMS,ROUND UP,434
MNS,FATBABY,370
MNS,HERITAGE,376
MNS,FATBABY,370
MNS,FATBABY,370
YTH,FATBABY,389
MNS,FATBABY,370
YTH,ROUND UP,414
MNS,FATBABY,370
WMS,WORKHOG,421
WMS,ROUND UP,434
MNS,DARLIN,388
WMS,FATBABY,408
MNS,ROUND UP,394
MNS,FATBABY,370
WMS,FATBABY,408
WMS,FATBABY,408
YTH,ROUND UP,414
MNS,DARLIN,388
YTH,ROUND UP,414
WMS,ROUND UP,434
WMS,DARLIN,427
WMS,DARLIN,427
YTH,WORKHOG,401
MNS,FATBABY,370
WMS,FATBABY,408
YTH,HERITAGE,395
WMS,WORKHOG,421
MNS,DARLIN,388
MNS,ROUND UP,394
YTH,DARLIN,407
YTH,FATBABY,389
YTH,WORKHOG,401
YTH,ROUND UP,414
YTH,HERITAGE,395
YTH,HERITAGE,395
MNS,WORKHOG,382
WMS,WORKHOG,421
YTH,ROUND UP,414
YTH,WORKHOG,401
YTH,ROUND UP,414
YTH,WORKHOG,401
WMS,HERITAGE,414
MNS,HERITAGE,376
YTH,FATBABY,389
YTH,DARLIN,407
MNS,HERITAGE,376
YTH,HERITAGE,395
YTH,FATBABY,389
MNS,ROUND UP,394
MNS,ROUND UP,394
YTH,WORKHOG,401
MNS,ROUND UP,394
YTH,ROUND UP,414
YTH,WORKHOG,401
YTH,FATBABY,389
WMS,WORKHOG,421
YTH,FATBABY,389
MNS,FATBABY,370
MNS,DARLIN,388
YTH,ROUND UP,414
YTH,DARLIN,407
WMS,HERITAGE,414
YTH,DARLIN,407
YTH,ROUND UP,414
MNS,HERITAGE,376
YTH,FATBABY,389
YTH,FATBABY,389
MNS,FATBABY,370
WMS,FATBABY,408
MNS,ROUND UP,394
MNS,ROUND UP,394
YTH,DARLIN,407
MNS,FATBABY,370
MNS,HERITAGE,376
MNS,DARLIN,388
WMS,ROUND UP,434
YTH,FATBABY,389
YTH,HERITAGE,395
YTH,FATBABY,389
YTH,DARLIN,407
MNS,DARLIN,388
WMS,DARLIN,427
MNS,HERITAGE,376
YTH,FATBABY,389
MNS,DARLIN,388
YTH,DARLIN,407
WMS,WORKHOG,421
YTH,WORKHOG,401
YTH,HERITAGE,395
MNS,FATBABY,370
WMS,ROUND UP,434
YTH,DARLIN,407
MNS,WORKHOG,382
MNS,HERITAGE,376
MNS,FATBABY,370
YTH,ROUND UP,414
YTH,WORKHOG,401
WMS,HERITAGE,414
MNS,DARLIN,388
WMS,FATBABY,408
WMS,WORKHOG,421
MNS,DARLIN,388
MNS,ROUND UP,394
MNS,HERITAGE,376
WMS,FATBABY,408
WMS,FATBABY,408
YTH,ROUND UP,414
YTH,DARLIN,407
YTH,DARLIN,407
YTH,WORKHOG,401
YTH,ROUND UP,414
YTH,HERITAGE,395
MNS,WORKHOG,382
MNS,WORKHOG,382
YTH,ROUND UP,414
MNS,ROUND UP,394
YTH,HERITAGE,395
WMS,FATBABY,408
YTH,WORKHOG,401
MNS,DARLIN,388
YTH,DARLIN,407
WMS,WORKHOG,421
YTH,HERITAGE,395
MNS,WORKHOG,382
YTH,ROUND UP,414
MNS,DARLIN,388
WMS,ROUND UP,434
WMS,HERITAGE,414
YTH,FATBABY,389
MNS,WORKHOG,382
YTH,DARLIN,407
WMS,HERITAGE,414
YTH,WORKHOG,401
YTH,FATBABY,389
YTH,DARLIN,407
YTH,FATBABY,389
MNS,FATBABY,370
MNS,WORKHOG,382
MNS,FATBABY,370
MNS,WORKHOG,382
YTH,ROUND UP,414
YTH,HERITAGE,395
MNS,HERITAGE,376
WMS,HERITAGE,414
MNS,FATBABY,370
MNS,ROUND UP,394
WMS,WORKHOG,421
YTH,FATBABY,389
WMS,HERITAGE,414
MNS,ROUND UP,394
YTH,WORKHOG,401
MNS,DARLIN,388
YTH,FATBABY,389
WMS,DARLIN,427
MNS,WORKHOG,382
MNS,DARLIN,388
YTH,FATBABY,389
MNS,HERITAGE,376
YTH,DARLIN,407
YTH,HERITAGE,395
WMS,HERITAGE,414
YTH,HERITAGE,395
MNS,ROUND UP,394
WMS,WORKHOG,421
YTH,FATBABY,389
MNS,DARLIN,388
YTH,ROUND UP,414
YTH,HERITAGE,395
MNS,DARLIN,388
WMS,ROUND UP,434
WMS,HERITAGE,414
YTH,HERITAGE,395
MNS,WORKHOG,382
WMS,FATBABY,408
MNS,DARLIN,388
WMS,WORKHOG,421
MNS,WORKHOG,382
MNS,HERITAGE,376
WMS,DARLIN,427
WMS,DARLIN,427
YTH,DARLIN,407
WMS,ROUND UP,434
MNS,FATBABY,370
MNS,ROUND UP,394
YTH,HERITAGE,395
WMS,ROUND UP,434
MNS,HERITAGE,376
MNS,WORKHOG,382
WMS,WORKHOG,421
WMS,DARLIN,427
WMS,ROUND UP,434
WMS,WORKHOG,421
YTH,WORKHOG,401
MNS,WORKHOG,382
YTH,WORKHOG,401
WMS,WORKHOG,421
WMS,DARLIN,427
YTH,DARLIN,407
YTH,DARLIN,407
MNS,DARLIN,388
WMS,ROUND UP,434
MNS,HERITAGE,376
YTH,WORKHOG,401
YTH,FATBABY,389
YTH,WORKHOG,401
WMS,FATBABY,408
WMS,DARLIN,427
WMS,DARLIN,427
WMS,ROUND UP,434
YTH,WORKHOG,401
WMS,WORKHOG,421
WMS,FATBABY,408
YTH,FATBABY,389
YTH,ROUND UP,414
MNS,DARLIN,388
YTH,DARLIN,407
YTH,WORKHOG,401
WMS,ROUND UP,434
WMS,FATBABY,408
WMS,WORKHOG,421
WMS,WORKHOG,421
YTH,FATBABY,389
WMS,DARLIN,427
MNS,HERITAGE,376
WMS,ROUND UP,434
WMS,DARLIN,427
WMS,WORKHOG,421
WMS,HERITAGE,414
WMS,HERITAGE,414
